--
-- PostgreSQL database dump
--

SET statement_timeout = 0;
SET lock_timeout = 0;
SET client_encoding = 'UTF8';
SET standard_conforming_strings = on;
SET check_function_bodies = false;
SET client_min_messages = warning;

--
-- Name: plpgsql; Type: EXTENSION; Schema: -; Owner: 
--

CREATE EXTENSION IF NOT EXISTS plpgsql WITH SCHEMA pg_catalog;


--
-- Name: EXTENSION plpgsql; Type: COMMENT; Schema: -; Owner: 
--

COMMENT ON EXTENSION plpgsql IS 'PL/pgSQL procedural language';


SET search_path = public, pg_catalog;

SET default_tablespace = '';

SET default_with_oids = false;

--
-- Name: area_border_lines; Type: TABLE; Schema: public; Owner: postgres; Tablespace: 
--

CREATE TABLE area_border_lines (
    id integer NOT NULL,
    x_from double precision,
    y_from double precision,
    x_to double precision,
    y_to double precision,
    area_id integer,
    created_at timestamp without time zone NOT NULL,
    updated_at timestamp without time zone NOT NULL
);


ALTER TABLE area_border_lines OWNER TO postgres;

--
-- Name: area_border_lines_id_seq; Type: SEQUENCE; Schema: public; Owner: postgres
--

CREATE SEQUENCE area_border_lines_id_seq
    START WITH 1
    INCREMENT BY 1
    NO MINVALUE
    NO MAXVALUE
    CACHE 1;


ALTER TABLE area_border_lines_id_seq OWNER TO postgres;

--
-- Name: area_border_lines_id_seq; Type: SEQUENCE OWNED BY; Schema: public; Owner: postgres
--

ALTER SEQUENCE area_border_lines_id_seq OWNED BY area_border_lines.id;


--
-- Name: areas; Type: TABLE; Schema: public; Owner: postgres; Tablespace: 
--

CREATE TABLE areas (
    id integer NOT NULL,
    name character varying,
    description text,
    user_id integer,
    created_at timestamp without time zone NOT NULL,
    updated_at timestamp without time zone NOT NULL,
    city_id integer
);


ALTER TABLE areas OWNER TO postgres;

--
-- Name: areas_id_seq; Type: SEQUENCE; Schema: public; Owner: postgres
--

CREATE SEQUENCE areas_id_seq
    START WITH 1
    INCREMENT BY 1
    NO MINVALUE
    NO MAXVALUE
    CACHE 1;


ALTER TABLE areas_id_seq OWNER TO postgres;

--
-- Name: areas_id_seq; Type: SEQUENCE OWNED BY; Schema: public; Owner: postgres
--

ALTER SEQUENCE areas_id_seq OWNED BY areas.id;


--
-- Name: cities; Type: TABLE; Schema: public; Owner: postgres; Tablespace: 
--

CREATE TABLE cities (
    id integer NOT NULL,
    name character varying,
    created_at timestamp without time zone NOT NULL,
    updated_at timestamp without time zone NOT NULL
);


ALTER TABLE cities OWNER TO postgres;

--
-- Name: cities_id_seq; Type: SEQUENCE; Schema: public; Owner: postgres
--

CREATE SEQUENCE cities_id_seq
    START WITH 1
    INCREMENT BY 1
    NO MINVALUE
    NO MAXVALUE
    CACHE 1;


ALTER TABLE cities_id_seq OWNER TO postgres;

--
-- Name: cities_id_seq; Type: SEQUENCE OWNED BY; Schema: public; Owner: postgres
--

ALTER SEQUENCE cities_id_seq OWNED BY cities.id;


--
-- Name: comments; Type: TABLE; Schema: public; Owner: postgres; Tablespace: 
--

CREATE TABLE comments (
    id integer NOT NULL,
    content text,
    user_id integer,
    area_id integer,
    created_at timestamp without time zone NOT NULL,
    updated_at timestamp without time zone NOT NULL
);


ALTER TABLE comments OWNER TO postgres;

--
-- Name: comments_id_seq; Type: SEQUENCE; Schema: public; Owner: postgres
--

CREATE SEQUENCE comments_id_seq
    START WITH 1
    INCREMENT BY 1
    NO MINVALUE
    NO MAXVALUE
    CACHE 1;


ALTER TABLE comments_id_seq OWNER TO postgres;

--
-- Name: comments_id_seq; Type: SEQUENCE OWNED BY; Schema: public; Owner: postgres
--

ALTER SEQUENCE comments_id_seq OWNED BY comments.id;


--
-- Name: schema_migrations; Type: TABLE; Schema: public; Owner: postgres; Tablespace: 
--

CREATE TABLE schema_migrations (
    version character varying NOT NULL
);


ALTER TABLE schema_migrations OWNER TO postgres;

--
-- Name: users; Type: TABLE; Schema: public; Owner: postgres; Tablespace: 
--

CREATE TABLE users (
    id integer NOT NULL,
    name character varying,
    email character varying,
    created_at timestamp without time zone NOT NULL,
    updated_at timestamp without time zone NOT NULL,
    password_digest character varying,
    remember_digest character varying,
    admin boolean DEFAULT false,
    description text,
    city_id integer,
    birthday date
);


ALTER TABLE users OWNER TO postgres;

--
-- Name: users_id_seq; Type: SEQUENCE; Schema: public; Owner: postgres
--

CREATE SEQUENCE users_id_seq
    START WITH 1
    INCREMENT BY 1
    NO MINVALUE
    NO MAXVALUE
    CACHE 1;


ALTER TABLE users_id_seq OWNER TO postgres;

--
-- Name: users_id_seq; Type: SEQUENCE OWNED BY; Schema: public; Owner: postgres
--

ALTER SEQUENCE users_id_seq OWNED BY users.id;


--
-- Name: id; Type: DEFAULT; Schema: public; Owner: postgres
--

ALTER TABLE ONLY area_border_lines ALTER COLUMN id SET DEFAULT nextval('area_border_lines_id_seq'::regclass);


--
-- Name: id; Type: DEFAULT; Schema: public; Owner: postgres
--

ALTER TABLE ONLY areas ALTER COLUMN id SET DEFAULT nextval('areas_id_seq'::regclass);


--
-- Name: id; Type: DEFAULT; Schema: public; Owner: postgres
--

ALTER TABLE ONLY cities ALTER COLUMN id SET DEFAULT nextval('cities_id_seq'::regclass);


--
-- Name: id; Type: DEFAULT; Schema: public; Owner: postgres
--

ALTER TABLE ONLY comments ALTER COLUMN id SET DEFAULT nextval('comments_id_seq'::regclass);


--
-- Name: id; Type: DEFAULT; Schema: public; Owner: postgres
--

ALTER TABLE ONLY users ALTER COLUMN id SET DEFAULT nextval('users_id_seq'::regclass);


--
-- Data for Name: area_border_lines; Type: TABLE DATA; Schema: public; Owner: postgres
--

COPY area_border_lines (id, x_from, y_from, x_to, y_to, area_id, created_at, updated_at) FROM stdin;
1	\N	\N	\N	\N	2	2016-04-10 16:05:39.027413	2016-04-10 16:05:39.027413
2	\N	\N	\N	\N	3	2016-04-10 16:05:39.03351	2016-04-10 16:05:39.03351
3	\N	\N	\N	\N	3	2016-04-10 16:05:39.041554	2016-04-10 16:05:39.041554
4	\N	\N	\N	\N	4	2016-04-10 16:05:39.050148	2016-04-10 16:05:39.050148
5	\N	\N	\N	\N	4	2016-04-10 16:05:39.05829	2016-04-10 16:05:39.05829
6	\N	\N	\N	\N	4	2016-04-10 16:05:39.066632	2016-04-10 16:05:39.066632
7	\N	\N	\N	\N	5	2016-04-10 16:05:39.075176	2016-04-10 16:05:39.075176
8	\N	\N	\N	\N	5	2016-04-10 16:05:39.083292	2016-04-10 16:05:39.083292
9	\N	\N	\N	\N	5	2016-04-10 16:05:39.091624	2016-04-10 16:05:39.091624
10	\N	\N	\N	\N	5	2016-04-10 16:05:39.099984	2016-04-10 16:05:39.099984
11	\N	\N	\N	\N	7	2016-04-10 16:05:39.108012	2016-04-10 16:05:39.108012
12	\N	\N	\N	\N	8	2016-04-10 16:05:39.116822	2016-04-10 16:05:39.116822
13	\N	\N	\N	\N	8	2016-04-10 16:05:39.124915	2016-04-10 16:05:39.124915
14	\N	\N	\N	\N	9	2016-04-10 16:05:39.133498	2016-04-10 16:05:39.133498
15	\N	\N	\N	\N	9	2016-04-10 16:05:39.141653	2016-04-10 16:05:39.141653
16	\N	\N	\N	\N	9	2016-04-10 16:05:39.149797	2016-04-10 16:05:39.149797
17	\N	\N	\N	\N	10	2016-04-10 16:05:39.158028	2016-04-10 16:05:39.158028
18	\N	\N	\N	\N	10	2016-04-10 16:05:39.174938	2016-04-10 16:05:39.174938
19	\N	\N	\N	\N	10	2016-04-10 16:05:39.182865	2016-04-10 16:05:39.182865
20	\N	\N	\N	\N	10	2016-04-10 16:05:39.191619	2016-04-10 16:05:39.191619
21	\N	\N	\N	\N	12	2016-04-10 16:05:39.20025	2016-04-10 16:05:39.20025
22	\N	\N	\N	\N	13	2016-04-10 16:05:39.208547	2016-04-10 16:05:39.208547
23	\N	\N	\N	\N	13	2016-04-10 16:05:39.216689	2016-04-10 16:05:39.216689
24	\N	\N	\N	\N	14	2016-04-10 16:05:39.225227	2016-04-10 16:05:39.225227
25	\N	\N	\N	\N	14	2016-04-10 16:05:39.233383	2016-04-10 16:05:39.233383
26	\N	\N	\N	\N	14	2016-04-10 16:05:39.241737	2016-04-10 16:05:39.241737
27	\N	\N	\N	\N	15	2016-04-10 16:05:39.250217	2016-04-10 16:05:39.250217
28	\N	\N	\N	\N	15	2016-04-10 16:05:39.258387	2016-04-10 16:05:39.258387
29	\N	\N	\N	\N	15	2016-04-10 16:05:39.266719	2016-04-10 16:05:39.266719
30	\N	\N	\N	\N	15	2016-04-10 16:05:39.275051	2016-04-10 16:05:39.275051
31	\N	\N	\N	\N	17	2016-04-10 16:05:39.283634	2016-04-10 16:05:39.283634
32	\N	\N	\N	\N	18	2016-04-10 16:05:39.291916	2016-04-10 16:05:39.291916
33	\N	\N	\N	\N	18	2016-04-10 16:05:39.300051	2016-04-10 16:05:39.300051
34	\N	\N	\N	\N	19	2016-04-10 16:05:39.308612	2016-04-10 16:05:39.308612
35	\N	\N	\N	\N	19	2016-04-10 16:05:39.316698	2016-04-10 16:05:39.316698
36	\N	\N	\N	\N	19	2016-04-10 16:05:39.325049	2016-04-10 16:05:39.325049
37	\N	\N	\N	\N	20	2016-04-10 16:05:39.333586	2016-04-10 16:05:39.333586
38	\N	\N	\N	\N	20	2016-04-10 16:05:39.34172	2016-04-10 16:05:39.34172
39	\N	\N	\N	\N	20	2016-04-10 16:05:39.350003	2016-04-10 16:05:39.350003
40	\N	\N	\N	\N	20	2016-04-10 16:05:39.358359	2016-04-10 16:05:39.358359
41	\N	\N	\N	\N	22	2016-04-10 16:05:39.366869	2016-04-10 16:05:39.366869
42	\N	\N	\N	\N	23	2016-04-10 16:05:39.375213	2016-04-10 16:05:39.375213
43	\N	\N	\N	\N	23	2016-04-10 16:05:39.3834	2016-04-10 16:05:39.3834
44	\N	\N	\N	\N	24	2016-04-10 16:05:39.391947	2016-04-10 16:05:39.391947
45	\N	\N	\N	\N	24	2016-04-10 16:05:39.400048	2016-04-10 16:05:39.400048
46	\N	\N	\N	\N	24	2016-04-10 16:05:39.408435	2016-04-10 16:05:39.408435
47	\N	\N	\N	\N	25	2016-04-10 16:05:39.416939	2016-04-10 16:05:39.416939
48	\N	\N	\N	\N	25	2016-04-10 16:05:39.425104	2016-04-10 16:05:39.425104
49	\N	\N	\N	\N	25	2016-04-10 16:05:39.433426	2016-04-10 16:05:39.433426
50	\N	\N	\N	\N	25	2016-04-10 16:05:39.441723	2016-04-10 16:05:39.441723
51	\N	\N	\N	\N	27	2016-04-10 16:05:39.450266	2016-04-10 16:05:39.450266
52	\N	\N	\N	\N	28	2016-04-10 16:05:39.458628	2016-04-10 16:05:39.458628
53	\N	\N	\N	\N	28	2016-04-10 16:05:39.466788	2016-04-10 16:05:39.466788
54	\N	\N	\N	\N	29	2016-04-10 16:05:39.475294	2016-04-10 16:05:39.475294
55	\N	\N	\N	\N	29	2016-04-10 16:05:39.48338	2016-04-10 16:05:39.48338
56	\N	\N	\N	\N	29	2016-04-10 16:05:39.491782	2016-04-10 16:05:39.491782
57	\N	\N	\N	\N	30	2016-04-10 16:05:39.500357	2016-04-10 16:05:39.500357
58	\N	\N	\N	\N	30	2016-04-10 16:05:39.508463	2016-04-10 16:05:39.508463
59	\N	\N	\N	\N	30	2016-04-10 16:05:39.516777	2016-04-10 16:05:39.516777
60	\N	\N	\N	\N	30	2016-04-10 16:05:39.525109	2016-04-10 16:05:39.525109
61	\N	\N	\N	\N	32	2016-04-10 16:05:39.533181	2016-04-10 16:05:39.533181
62	\N	\N	\N	\N	33	2016-04-10 16:05:39.54199	2016-04-10 16:05:39.54199
63	\N	\N	\N	\N	33	2016-04-10 16:05:39.550149	2016-04-10 16:05:39.550149
64	\N	\N	\N	\N	34	2016-04-10 16:05:39.558639	2016-04-10 16:05:39.558639
65	\N	\N	\N	\N	34	2016-04-10 16:05:39.56682	2016-04-10 16:05:39.56682
66	\N	\N	\N	\N	34	2016-04-10 16:05:39.574689	2016-04-10 16:05:39.574689
67	\N	\N	\N	\N	35	2016-04-10 16:05:39.58319	2016-04-10 16:05:39.58319
68	\N	\N	\N	\N	35	2016-04-10 16:05:39.591921	2016-04-10 16:05:39.591921
69	\N	\N	\N	\N	35	2016-04-10 16:05:39.600269	2016-04-10 16:05:39.600269
70	\N	\N	\N	\N	35	2016-04-10 16:05:39.608544	2016-04-10 16:05:39.608544
71	\N	\N	\N	\N	37	2016-04-10 16:05:39.616603	2016-04-10 16:05:39.616603
72	\N	\N	\N	\N	38	2016-04-10 16:05:39.625433	2016-04-10 16:05:39.625433
73	\N	\N	\N	\N	38	2016-04-10 16:05:39.633552	2016-04-10 16:05:39.633552
74	\N	\N	\N	\N	39	2016-04-10 16:05:39.642074	2016-04-10 16:05:39.642074
75	\N	\N	\N	\N	39	2016-04-10 16:05:39.650293	2016-04-10 16:05:39.650293
76	\N	\N	\N	\N	39	2016-04-10 16:05:39.658533	2016-04-10 16:05:39.658533
77	\N	\N	\N	\N	40	2016-04-10 16:05:39.667092	2016-04-10 16:05:39.667092
78	\N	\N	\N	\N	40	2016-04-10 16:05:39.675277	2016-04-10 16:05:39.675277
79	\N	\N	\N	\N	40	2016-04-10 16:05:39.683535	2016-04-10 16:05:39.683535
80	\N	\N	\N	\N	40	2016-04-10 16:05:39.691876	2016-04-10 16:05:39.691876
81	\N	\N	\N	\N	42	2016-04-10 16:05:39.7004	2016-04-10 16:05:39.7004
82	\N	\N	\N	\N	43	2016-04-10 16:05:39.708759	2016-04-10 16:05:39.708759
83	\N	\N	\N	\N	43	2016-04-10 16:05:39.716888	2016-04-10 16:05:39.716888
84	\N	\N	\N	\N	44	2016-04-10 16:05:39.725479	2016-04-10 16:05:39.725479
85	\N	\N	\N	\N	44	2016-04-10 16:05:39.733557	2016-04-10 16:05:39.733557
86	\N	\N	\N	\N	44	2016-04-10 16:05:39.741819	2016-04-10 16:05:39.741819
87	\N	\N	\N	\N	45	2016-04-10 16:05:39.750437	2016-04-10 16:05:39.750437
88	\N	\N	\N	\N	45	2016-04-10 16:05:39.758546	2016-04-10 16:05:39.758546
89	\N	\N	\N	\N	45	2016-04-10 16:05:39.766873	2016-04-10 16:05:39.766873
90	\N	\N	\N	\N	45	2016-04-10 16:05:39.775213	2016-04-10 16:05:39.775213
91	\N	\N	\N	\N	47	2016-04-10 16:05:39.783834	2016-04-10 16:05:39.783834
92	\N	\N	\N	\N	48	2016-04-10 16:05:39.792139	2016-04-10 16:05:39.792139
93	\N	\N	\N	\N	48	2016-04-10 16:05:39.800354	2016-04-10 16:05:39.800354
94	\N	\N	\N	\N	49	2016-04-10 16:05:39.808848	2016-04-10 16:05:39.808848
95	\N	\N	\N	\N	49	2016-04-10 16:05:39.816998	2016-04-10 16:05:39.816998
96	\N	\N	\N	\N	49	2016-04-10 16:05:39.825348	2016-04-10 16:05:39.825348
97	\N	\N	\N	\N	50	2016-04-10 16:05:39.833831	2016-04-10 16:05:39.833831
98	\N	\N	\N	\N	50	2016-04-10 16:05:39.841995	2016-04-10 16:05:39.841995
99	\N	\N	\N	\N	50	2016-04-10 16:05:39.85036	2016-04-10 16:05:39.85036
100	\N	\N	\N	\N	50	2016-04-10 16:05:39.858686	2016-04-10 16:05:39.858686
101	\N	\N	\N	\N	52	2016-04-10 16:05:39.867222	2016-04-10 16:05:39.867222
102	\N	\N	\N	\N	53	2016-04-10 16:05:39.875524	2016-04-10 16:05:39.875524
103	\N	\N	\N	\N	53	2016-04-10 16:05:39.883644	2016-04-10 16:05:39.883644
104	\N	\N	\N	\N	54	2016-04-10 16:05:39.89218	2016-04-10 16:05:39.89218
105	\N	\N	\N	\N	54	2016-04-10 16:05:39.900397	2016-04-10 16:05:39.900397
106	\N	\N	\N	\N	54	2016-04-10 16:05:39.908684	2016-04-10 16:05:39.908684
107	\N	\N	\N	\N	55	2016-04-10 16:05:39.917172	2016-04-10 16:05:39.917172
108	\N	\N	\N	\N	55	2016-04-10 16:05:39.925334	2016-04-10 16:05:39.925334
109	\N	\N	\N	\N	55	2016-04-10 16:05:39.933683	2016-04-10 16:05:39.933683
110	\N	\N	\N	\N	55	2016-04-10 16:05:39.941975	2016-04-10 16:05:39.941975
111	\N	\N	\N	\N	57	2016-04-10 16:05:39.950514	2016-04-10 16:05:39.950514
112	\N	\N	\N	\N	58	2016-04-10 16:05:39.958862	2016-04-10 16:05:39.958862
113	\N	\N	\N	\N	58	2016-04-10 16:05:39.967048	2016-04-10 16:05:39.967048
114	\N	\N	\N	\N	59	2016-04-10 16:05:39.975606	2016-04-10 16:05:39.975606
115	\N	\N	\N	\N	59	2016-04-10 16:05:39.983807	2016-04-10 16:05:39.983807
116	\N	\N	\N	\N	59	2016-04-10 16:05:39.992149	2016-04-10 16:05:39.992149
117	\N	\N	\N	\N	60	2016-04-10 16:05:40.000236	2016-04-10 16:05:40.000236
118	\N	\N	\N	\N	60	2016-04-10 16:05:40.008766	2016-04-10 16:05:40.008766
119	\N	\N	\N	\N	60	2016-04-10 16:05:40.017078	2016-04-10 16:05:40.017078
120	\N	\N	\N	\N	60	2016-04-10 16:05:40.025406	2016-04-10 16:05:40.025406
121	\N	\N	\N	\N	62	2016-04-10 16:05:40.033911	2016-04-10 16:05:40.033911
122	\N	\N	\N	\N	63	2016-04-10 16:05:40.042255	2016-04-10 16:05:40.042255
123	\N	\N	\N	\N	63	2016-04-10 16:05:40.050509	2016-04-10 16:05:40.050509
124	\N	\N	\N	\N	64	2016-04-10 16:05:40.058931	2016-04-10 16:05:40.058931
125	\N	\N	\N	\N	64	2016-04-10 16:05:40.067101	2016-04-10 16:05:40.067101
126	\N	\N	\N	\N	64	2016-04-10 16:05:40.075419	2016-04-10 16:05:40.075419
127	\N	\N	\N	\N	65	2016-04-10 16:05:40.083934	2016-04-10 16:05:40.083934
128	\N	\N	\N	\N	65	2016-04-10 16:05:40.092104	2016-04-10 16:05:40.092104
129	\N	\N	\N	\N	65	2016-04-10 16:05:40.100498	2016-04-10 16:05:40.100498
130	\N	\N	\N	\N	65	2016-04-10 16:05:40.10882	2016-04-10 16:05:40.10882
131	\N	\N	\N	\N	67	2016-04-10 16:05:40.117299	2016-04-10 16:05:40.117299
132	\N	\N	\N	\N	68	2016-04-10 16:05:40.125595	2016-04-10 16:05:40.125595
133	\N	\N	\N	\N	68	2016-04-10 16:05:40.133769	2016-04-10 16:05:40.133769
134	\N	\N	\N	\N	69	2016-04-10 16:05:40.142268	2016-04-10 16:05:40.142268
135	\N	\N	\N	\N	69	2016-04-10 16:05:40.15046	2016-04-10 16:05:40.15046
136	\N	\N	\N	\N	69	2016-04-10 16:05:40.158743	2016-04-10 16:05:40.158743
137	\N	\N	\N	\N	70	2016-04-10 16:05:40.166908	2016-04-10 16:05:40.166908
138	\N	\N	\N	\N	70	2016-04-10 16:05:40.175444	2016-04-10 16:05:40.175444
139	\N	\N	\N	\N	70	2016-04-10 16:05:40.183804	2016-04-10 16:05:40.183804
140	\N	\N	\N	\N	70	2016-04-10 16:05:40.192253	2016-04-10 16:05:40.192253
141	\N	\N	\N	\N	72	2016-04-10 16:05:40.200721	2016-04-10 16:05:40.200721
142	\N	\N	\N	\N	73	2016-04-10 16:05:40.209018	2016-04-10 16:05:40.209018
143	\N	\N	\N	\N	73	2016-04-10 16:05:40.21717	2016-04-10 16:05:40.21717
144	\N	\N	\N	\N	74	2016-04-10 16:05:40.225678	2016-04-10 16:05:40.225678
145	\N	\N	\N	\N	74	2016-04-10 16:05:40.233829	2016-04-10 16:05:40.233829
146	\N	\N	\N	\N	74	2016-04-10 16:05:40.242172	2016-04-10 16:05:40.242172
147	\N	\N	\N	\N	75	2016-04-10 16:05:40.250759	2016-04-10 16:05:40.250759
148	\N	\N	\N	\N	75	2016-04-10 16:05:40.258862	2016-04-10 16:05:40.258862
149	\N	\N	\N	\N	75	2016-04-10 16:05:40.267186	2016-04-10 16:05:40.267186
150	\N	\N	\N	\N	75	2016-04-10 16:05:40.275499	2016-04-10 16:05:40.275499
151	\N	\N	\N	\N	77	2016-04-10 16:05:40.284042	2016-04-10 16:05:40.284042
152	\N	\N	\N	\N	78	2016-04-10 16:05:40.292385	2016-04-10 16:05:40.292385
153	\N	\N	\N	\N	78	2016-04-10 16:05:40.30052	2016-04-10 16:05:40.30052
154	\N	\N	\N	\N	79	2016-04-10 16:05:40.30897	2016-04-10 16:05:40.30897
155	\N	\N	\N	\N	79	2016-04-10 16:05:40.317175	2016-04-10 16:05:40.317175
156	\N	\N	\N	\N	79	2016-04-10 16:05:40.325549	2016-04-10 16:05:40.325549
157	\N	\N	\N	\N	80	2016-04-10 16:05:40.334054	2016-04-10 16:05:40.334054
158	\N	\N	\N	\N	80	2016-04-10 16:05:40.342218	2016-04-10 16:05:40.342218
159	\N	\N	\N	\N	80	2016-04-10 16:05:40.350525	2016-04-10 16:05:40.350525
160	\N	\N	\N	\N	80	2016-04-10 16:05:40.35885	2016-04-10 16:05:40.35885
161	\N	\N	\N	\N	82	2016-04-10 16:05:40.368626	2016-04-10 16:05:40.368626
162	\N	\N	\N	\N	83	2016-04-10 16:05:40.376944	2016-04-10 16:05:40.376944
163	\N	\N	\N	\N	83	2016-04-10 16:05:40.385098	2016-04-10 16:05:40.385098
164	\N	\N	\N	\N	84	2016-04-10 16:05:40.393638	2016-04-10 16:05:40.393638
165	\N	\N	\N	\N	84	2016-04-10 16:05:40.401804	2016-04-10 16:05:40.401804
166	\N	\N	\N	\N	84	2016-04-10 16:05:40.410169	2016-04-10 16:05:40.410169
167	\N	\N	\N	\N	85	2016-04-10 16:05:40.41818	2016-04-10 16:05:40.41818
168	\N	\N	\N	\N	85	2016-04-10 16:05:40.426299	2016-04-10 16:05:40.426299
169	\N	\N	\N	\N	85	2016-04-10 16:05:40.435175	2016-04-10 16:05:40.435175
170	\N	\N	\N	\N	85	2016-04-10 16:05:40.443457	2016-04-10 16:05:40.443457
171	\N	\N	\N	\N	87	2016-04-10 16:05:40.451988	2016-04-10 16:05:40.451988
172	\N	\N	\N	\N	88	2016-04-10 16:05:40.460315	2016-04-10 16:05:40.460315
173	\N	\N	\N	\N	88	2016-04-10 16:05:40.510075	2016-04-10 16:05:40.510075
174	\N	\N	\N	\N	89	2016-04-10 16:05:40.518661	2016-04-10 16:05:40.518661
175	\N	\N	\N	\N	89	2016-04-10 16:05:40.526821	2016-04-10 16:05:40.526821
176	\N	\N	\N	\N	89	2016-04-10 16:05:40.535194	2016-04-10 16:05:40.535194
177	\N	\N	\N	\N	90	2016-04-10 16:05:40.543603	2016-04-10 16:05:40.543603
178	\N	\N	\N	\N	90	2016-04-10 16:05:40.551915	2016-04-10 16:05:40.551915
179	\N	\N	\N	\N	90	2016-04-10 16:05:40.560181	2016-04-10 16:05:40.560181
180	\N	\N	\N	\N	90	2016-04-10 16:05:40.568456	2016-04-10 16:05:40.568456
181	\N	\N	\N	\N	92	2016-04-10 16:05:40.577055	2016-04-10 16:05:40.577055
182	\N	\N	\N	\N	93	2016-04-10 16:05:40.585348	2016-04-10 16:05:40.585348
183	\N	\N	\N	\N	93	2016-04-10 16:05:40.593487	2016-04-10 16:05:40.593487
184	\N	\N	\N	\N	94	2016-04-10 16:05:40.602114	2016-04-10 16:05:40.602114
185	\N	\N	\N	\N	94	2016-04-10 16:05:40.610255	2016-04-10 16:05:40.610255
186	\N	\N	\N	\N	94	2016-04-10 16:05:40.618151	2016-04-10 16:05:40.618151
187	\N	\N	\N	\N	95	2016-04-10 16:05:40.627083	2016-04-10 16:05:40.627083
188	\N	\N	\N	\N	95	2016-04-10 16:05:40.635216	2016-04-10 16:05:40.635216
189	\N	\N	\N	\N	95	2016-04-10 16:05:40.643573	2016-04-10 16:05:40.643573
190	\N	\N	\N	\N	95	2016-04-10 16:05:40.652011	2016-04-10 16:05:40.652011
191	\N	\N	\N	\N	97	2016-04-10 16:05:40.660381	2016-04-10 16:05:40.660381
192	\N	\N	\N	\N	98	2016-04-10 16:05:40.668754	2016-04-10 16:05:40.668754
193	\N	\N	\N	\N	98	2016-04-10 16:05:40.676976	2016-04-10 16:05:40.676976
194	\N	\N	\N	\N	99	2016-04-10 16:05:40.685406	2016-04-10 16:05:40.685406
195	\N	\N	\N	\N	99	2016-04-10 16:05:40.693583	2016-04-10 16:05:40.693583
196	\N	\N	\N	\N	99	2016-04-10 16:05:40.701898	2016-04-10 16:05:40.701898
197	\N	\N	\N	\N	100	2016-04-10 16:05:40.710414	2016-04-10 16:05:40.710414
198	\N	\N	\N	\N	100	2016-04-10 16:05:40.718565	2016-04-10 16:05:40.718565
199	\N	\N	\N	\N	100	2016-04-10 16:05:40.726904	2016-04-10 16:05:40.726904
200	\N	\N	\N	\N	100	2016-04-10 16:05:40.7348	2016-04-10 16:05:40.7348
201	\N	\N	\N	\N	102	2016-04-10 16:05:40.743679	2016-04-10 16:05:40.743679
202	\N	\N	\N	\N	103	2016-04-10 16:05:40.752112	2016-04-10 16:05:40.752112
203	\N	\N	\N	\N	103	2016-04-10 16:05:40.760261	2016-04-10 16:05:40.760261
204	\N	\N	\N	\N	104	2016-04-10 16:05:40.768746	2016-04-10 16:05:40.768746
205	\N	\N	\N	\N	104	2016-04-10 16:05:40.776907	2016-04-10 16:05:40.776907
206	\N	\N	\N	\N	104	2016-04-10 16:05:40.784801	2016-04-10 16:05:40.784801
207	\N	\N	\N	\N	105	2016-04-10 16:05:40.79385	2016-04-10 16:05:40.79385
208	\N	\N	\N	\N	105	2016-04-10 16:05:40.801992	2016-04-10 16:05:40.801992
209	\N	\N	\N	\N	105	2016-04-10 16:05:40.810311	2016-04-10 16:05:40.810311
210	\N	\N	\N	\N	105	2016-04-10 16:05:40.818629	2016-04-10 16:05:40.818629
211	\N	\N	\N	\N	107	2016-04-10 16:05:40.827222	2016-04-10 16:05:40.827222
212	\N	\N	\N	\N	108	2016-04-10 16:05:40.835456	2016-04-10 16:05:40.835456
213	\N	\N	\N	\N	108	2016-04-10 16:05:40.843633	2016-04-10 16:05:40.843633
214	\N	\N	\N	\N	109	2016-04-10 16:05:40.852117	2016-04-10 16:05:40.852117
215	\N	\N	\N	\N	109	2016-04-10 16:05:40.860324	2016-04-10 16:05:40.860324
216	\N	\N	\N	\N	109	2016-04-10 16:05:40.86864	2016-04-10 16:05:40.86864
217	\N	\N	\N	\N	110	2016-04-10 16:05:40.877169	2016-04-10 16:05:40.877169
218	\N	\N	\N	\N	110	2016-04-10 16:05:40.885329	2016-04-10 16:05:40.885329
219	\N	\N	\N	\N	110	2016-04-10 16:05:40.893661	2016-04-10 16:05:40.893661
220	\N	\N	\N	\N	110	2016-04-10 16:05:40.902026	2016-04-10 16:05:40.902026
221	\N	\N	\N	\N	112	2016-04-10 16:05:40.910601	2016-04-10 16:05:40.910601
222	\N	\N	\N	\N	113	2016-04-10 16:05:40.918835	2016-04-10 16:05:40.918835
223	\N	\N	\N	\N	113	2016-04-10 16:05:40.927016	2016-04-10 16:05:40.927016
224	\N	\N	\N	\N	114	2016-04-10 16:05:40.93547	2016-04-10 16:05:40.93547
225	\N	\N	\N	\N	114	2016-04-10 16:05:40.943649	2016-04-10 16:05:40.943649
226	\N	\N	\N	\N	114	2016-04-10 16:05:40.952068	2016-04-10 16:05:40.952068
227	\N	\N	\N	\N	115	2016-04-10 16:05:40.960574	2016-04-10 16:05:40.960574
228	\N	\N	\N	\N	115	2016-04-10 16:05:40.968684	2016-04-10 16:05:40.968684
229	\N	\N	\N	\N	115	2016-04-10 16:05:40.977012	2016-04-10 16:05:40.977012
230	\N	\N	\N	\N	115	2016-04-10 16:05:40.985325	2016-04-10 16:05:40.985325
231	\N	\N	\N	\N	117	2016-04-10 16:05:40.993948	2016-04-10 16:05:40.993948
232	\N	\N	\N	\N	118	2016-04-10 16:05:41.002299	2016-04-10 16:05:41.002299
233	\N	\N	\N	\N	118	2016-04-10 16:05:41.010414	2016-04-10 16:05:41.010414
234	\N	\N	\N	\N	119	2016-04-10 16:05:41.018905	2016-04-10 16:05:41.018905
235	\N	\N	\N	\N	119	2016-04-10 16:05:41.027111	2016-04-10 16:05:41.027111
236	\N	\N	\N	\N	119	2016-04-10 16:05:41.034995	2016-04-10 16:05:41.034995
237	\N	\N	\N	\N	120	2016-04-10 16:05:41.043928	2016-04-10 16:05:41.043928
238	\N	\N	\N	\N	120	2016-04-10 16:05:41.052096	2016-04-10 16:05:41.052096
239	\N	\N	\N	\N	120	2016-04-10 16:05:41.060462	2016-04-10 16:05:41.060462
240	\N	\N	\N	\N	120	2016-04-10 16:05:41.068765	2016-04-10 16:05:41.068765
241	\N	\N	\N	\N	122	2016-04-10 16:05:41.077269	2016-04-10 16:05:41.077269
242	\N	\N	\N	\N	123	2016-04-10 16:05:41.085132	2016-04-10 16:05:41.085132
243	\N	\N	\N	\N	123	2016-04-10 16:05:41.093768	2016-04-10 16:05:41.093768
244	\N	\N	\N	\N	124	2016-04-10 16:05:41.102209	2016-04-10 16:05:41.102209
245	\N	\N	\N	\N	124	2016-04-10 16:05:41.110449	2016-04-10 16:05:41.110449
246	\N	\N	\N	\N	124	2016-04-10 16:05:41.118695	2016-04-10 16:05:41.118695
247	\N	\N	\N	\N	125	2016-04-10 16:05:41.127014	2016-04-10 16:05:41.127014
248	\N	\N	\N	\N	125	2016-04-10 16:05:41.134986	2016-04-10 16:05:41.134986
249	\N	\N	\N	\N	125	2016-04-10 16:05:41.143792	2016-04-10 16:05:41.143792
250	\N	\N	\N	\N	125	2016-04-10 16:05:41.152136	2016-04-10 16:05:41.152136
251	\N	\N	\N	\N	127	2016-04-10 16:05:41.160667	2016-04-10 16:05:41.160667
252	\N	\N	\N	\N	128	2016-04-10 16:05:41.168944	2016-04-10 16:05:41.168944
253	\N	\N	\N	\N	128	2016-04-10 16:05:41.227087	2016-04-10 16:05:41.227087
254	\N	\N	\N	\N	129	2016-04-10 16:05:41.235689	2016-04-10 16:05:41.235689
255	\N	\N	\N	\N	129	2016-04-10 16:05:41.243839	2016-04-10 16:05:41.243839
256	\N	\N	\N	\N	129	2016-04-10 16:05:41.252126	2016-04-10 16:05:41.252126
257	\N	\N	\N	\N	130	2016-04-10 16:05:41.260707	2016-04-10 16:05:41.260707
258	\N	\N	\N	\N	130	2016-04-10 16:05:41.268816	2016-04-10 16:05:41.268816
259	\N	\N	\N	\N	130	2016-04-10 16:05:41.276708	2016-04-10 16:05:41.276708
260	\N	\N	\N	\N	130	2016-04-10 16:05:41.285062	2016-04-10 16:05:41.285062
261	\N	\N	\N	\N	132	2016-04-10 16:05:41.293584	2016-04-10 16:05:41.293584
262	\N	\N	\N	\N	133	2016-04-10 16:05:41.301853	2016-04-10 16:05:41.301853
263	\N	\N	\N	\N	133	2016-04-10 16:05:41.310033	2016-04-10 16:05:41.310033
264	\N	\N	\N	\N	134	2016-04-10 16:05:41.319032	2016-04-10 16:05:41.319032
265	\N	\N	\N	\N	134	2016-04-10 16:05:41.326691	2016-04-10 16:05:41.326691
266	\N	\N	\N	\N	134	2016-04-10 16:05:41.335072	2016-04-10 16:05:41.335072
267	\N	\N	\N	\N	135	2016-04-10 16:05:41.344072	2016-04-10 16:05:41.344072
268	\N	\N	\N	\N	135	2016-04-10 16:05:41.352177	2016-04-10 16:05:41.352177
269	\N	\N	\N	\N	135	2016-04-10 16:05:41.360558	2016-04-10 16:05:41.360558
270	\N	\N	\N	\N	135	2016-04-10 16:05:41.368856	2016-04-10 16:05:41.368856
271	\N	\N	\N	\N	137	2016-04-10 16:05:41.377408	2016-04-10 16:05:41.377408
272	\N	\N	\N	\N	138	2016-04-10 16:05:41.385699	2016-04-10 16:05:41.385699
273	\N	\N	\N	\N	138	2016-04-10 16:05:41.393879	2016-04-10 16:05:41.393879
274	\N	\N	\N	\N	139	2016-04-10 16:05:41.402363	2016-04-10 16:05:41.402363
275	\N	\N	\N	\N	139	2016-04-10 16:05:41.410527	2016-04-10 16:05:41.410527
276	\N	\N	\N	\N	139	2016-04-10 16:05:41.418856	2016-04-10 16:05:41.418856
277	\N	\N	\N	\N	140	2016-04-10 16:05:41.427466	2016-04-10 16:05:41.427466
278	\N	\N	\N	\N	140	2016-04-10 16:05:41.435627	2016-04-10 16:05:41.435627
279	\N	\N	\N	\N	140	2016-04-10 16:05:41.44396	2016-04-10 16:05:41.44396
280	\N	\N	\N	\N	140	2016-04-10 16:05:41.452331	2016-04-10 16:05:41.452331
281	\N	\N	\N	\N	142	2016-04-10 16:05:41.460811	2016-04-10 16:05:41.460811
282	\N	\N	\N	\N	143	2016-04-10 16:05:41.469125	2016-04-10 16:05:41.469125
283	\N	\N	\N	\N	143	2016-04-10 16:05:41.477313	2016-04-10 16:05:41.477313
284	\N	\N	\N	\N	144	2016-04-10 16:05:41.485866	2016-04-10 16:05:41.485866
285	\N	\N	\N	\N	144	2016-04-10 16:05:41.493991	2016-04-10 16:05:41.493991
286	\N	\N	\N	\N	144	2016-04-10 16:05:41.502281	2016-04-10 16:05:41.502281
287	\N	\N	\N	\N	145	2016-04-10 16:05:41.510769	2016-04-10 16:05:41.510769
288	\N	\N	\N	\N	145	2016-04-10 16:05:41.518919	2016-04-10 16:05:41.518919
289	\N	\N	\N	\N	145	2016-04-10 16:05:41.527316	2016-04-10 16:05:41.527316
290	\N	\N	\N	\N	145	2016-04-10 16:05:41.535644	2016-04-10 16:05:41.535644
291	\N	\N	\N	\N	147	2016-04-10 16:05:41.544183	2016-04-10 16:05:41.544183
292	\N	\N	\N	\N	148	2016-04-10 16:05:41.552515	2016-04-10 16:05:41.552515
293	\N	\N	\N	\N	148	2016-04-10 16:05:41.560683	2016-04-10 16:05:41.560683
294	\N	\N	\N	\N	149	2016-04-10 16:05:41.610838	2016-04-10 16:05:41.610838
295	\N	\N	\N	\N	149	2016-04-10 16:05:41.619012	2016-04-10 16:05:41.619012
296	\N	\N	\N	\N	149	2016-04-10 16:05:41.627401	2016-04-10 16:05:41.627401
297	\N	\N	\N	\N	150	2016-04-10 16:05:41.635842	2016-04-10 16:05:41.635842
298	\N	\N	\N	\N	150	2016-04-10 16:05:41.644015	2016-04-10 16:05:41.644015
299	\N	\N	\N	\N	150	2016-04-10 16:05:41.652373	2016-04-10 16:05:41.652373
300	\N	\N	\N	\N	150	2016-04-10 16:05:41.660734	2016-04-10 16:05:41.660734
301	\N	\N	\N	\N	152	2016-04-10 16:05:41.669256	2016-04-10 16:05:41.669256
302	\N	\N	\N	\N	153	2016-04-10 16:05:41.677593	2016-04-10 16:05:41.677593
303	\N	\N	\N	\N	153	2016-04-10 16:05:41.685778	2016-04-10 16:05:41.685778
304	\N	\N	\N	\N	154	2016-04-10 16:05:41.727898	2016-04-10 16:05:41.727898
305	\N	\N	\N	\N	154	2016-04-10 16:05:41.735746	2016-04-10 16:05:41.735746
306	\N	\N	\N	\N	154	2016-04-10 16:05:41.744114	2016-04-10 16:05:41.744114
307	\N	\N	\N	\N	155	2016-04-10 16:05:41.752566	2016-04-10 16:05:41.752566
308	\N	\N	\N	\N	155	2016-04-10 16:05:41.760326	2016-04-10 16:05:41.760326
309	\N	\N	\N	\N	155	2016-04-10 16:05:41.769116	2016-04-10 16:05:41.769116
310	\N	\N	\N	\N	155	2016-04-10 16:05:41.777431	2016-04-10 16:05:41.777431
311	\N	\N	\N	\N	157	2016-04-10 16:05:41.78593	2016-04-10 16:05:41.78593
312	\N	\N	\N	\N	158	2016-04-10 16:05:41.794307	2016-04-10 16:05:41.794307
313	\N	\N	\N	\N	158	2016-04-10 16:05:41.802444	2016-04-10 16:05:41.802444
314	\N	\N	\N	\N	159	2016-04-10 16:05:41.810952	2016-04-10 16:05:41.810952
315	\N	\N	\N	\N	159	2016-04-10 16:05:41.819111	2016-04-10 16:05:41.819111
316	\N	\N	\N	\N	159	2016-04-10 16:05:41.827439	2016-04-10 16:05:41.827439
317	\N	\N	\N	\N	160	2016-04-10 16:05:41.835931	2016-04-10 16:05:41.835931
318	\N	\N	\N	\N	160	2016-04-10 16:05:41.844114	2016-04-10 16:05:41.844114
319	\N	\N	\N	\N	160	2016-04-10 16:05:41.852442	2016-04-10 16:05:41.852442
320	\N	\N	\N	\N	160	2016-04-10 16:05:41.860811	2016-04-10 16:05:41.860811
321	\N	\N	\N	\N	162	2016-04-10 16:05:41.869284	2016-04-10 16:05:41.869284
322	\N	\N	\N	\N	163	2016-04-10 16:05:41.877125	2016-04-10 16:05:41.877125
323	\N	\N	\N	\N	163	2016-04-10 16:05:41.885786	2016-04-10 16:05:41.885786
324	\N	\N	\N	\N	164	2016-04-10 16:05:41.894353	2016-04-10 16:05:41.894353
325	\N	\N	\N	\N	164	2016-04-10 16:05:41.90249	2016-04-10 16:05:41.90249
326	\N	\N	\N	\N	164	2016-04-10 16:05:41.910899	2016-04-10 16:05:41.910899
327	\N	\N	\N	\N	165	2016-04-10 16:05:41.918924	2016-04-10 16:05:41.918924
328	\N	\N	\N	\N	165	2016-04-10 16:05:41.927489	2016-04-10 16:05:41.927489
329	\N	\N	\N	\N	165	2016-04-10 16:05:41.935821	2016-04-10 16:05:41.935821
330	\N	\N	\N	\N	165	2016-04-10 16:05:41.944179	2016-04-10 16:05:41.944179
331	\N	\N	\N	\N	167	2016-04-10 16:05:41.952639	2016-04-10 16:05:41.952639
332	\N	\N	\N	\N	168	2016-04-10 16:05:41.961071	2016-04-10 16:05:41.961071
333	\N	\N	\N	\N	168	2016-04-10 16:05:41.969166	2016-04-10 16:05:41.969166
334	\N	\N	\N	\N	169	2016-04-10 16:05:41.977711	2016-04-10 16:05:41.977711
335	\N	\N	\N	\N	169	2016-04-10 16:05:41.985833	2016-04-10 16:05:41.985833
336	\N	\N	\N	\N	169	2016-04-10 16:05:41.994186	2016-04-10 16:05:41.994186
337	\N	\N	\N	\N	170	2016-04-10 16:05:42.002694	2016-04-10 16:05:42.002694
338	\N	\N	\N	\N	170	2016-04-10 16:05:42.010851	2016-04-10 16:05:42.010851
339	\N	\N	\N	\N	170	2016-04-10 16:05:42.019179	2016-04-10 16:05:42.019179
340	\N	\N	\N	\N	170	2016-04-10 16:05:42.027526	2016-04-10 16:05:42.027526
341	\N	\N	\N	\N	172	2016-04-10 16:05:42.036125	2016-04-10 16:05:42.036125
342	\N	\N	\N	\N	173	2016-04-10 16:05:42.044369	2016-04-10 16:05:42.044369
343	\N	\N	\N	\N	173	2016-04-10 16:05:42.052557	2016-04-10 16:05:42.052557
344	\N	\N	\N	\N	174	2016-04-10 16:05:42.061074	2016-04-10 16:05:42.061074
345	\N	\N	\N	\N	174	2016-04-10 16:05:42.069174	2016-04-10 16:05:42.069174
346	\N	\N	\N	\N	174	2016-04-10 16:05:42.07753	2016-04-10 16:05:42.07753
347	\N	\N	\N	\N	175	2016-04-10 16:05:42.086029	2016-04-10 16:05:42.086029
348	\N	\N	\N	\N	175	2016-04-10 16:05:42.094287	2016-04-10 16:05:42.094287
349	\N	\N	\N	\N	175	2016-04-10 16:05:42.10261	2016-04-10 16:05:42.10261
350	\N	\N	\N	\N	175	2016-04-10 16:05:42.110921	2016-04-10 16:05:42.110921
351	\N	\N	\N	\N	177	2016-04-10 16:05:42.119461	2016-04-10 16:05:42.119461
352	\N	\N	\N	\N	178	2016-04-10 16:05:42.127264	2016-04-10 16:05:42.127264
353	\N	\N	\N	\N	178	2016-04-10 16:05:42.502669	2016-04-10 16:05:42.502669
354	\N	\N	\N	\N	179	2016-04-10 16:05:42.691809	2016-04-10 16:05:42.691809
355	\N	\N	\N	\N	179	2016-04-10 16:05:42.711009	2016-04-10 16:05:42.711009
356	\N	\N	\N	\N	179	2016-04-10 16:05:42.719311	2016-04-10 16:05:42.719311
357	\N	\N	\N	\N	180	2016-04-10 16:05:42.727883	2016-04-10 16:05:42.727883
358	\N	\N	\N	\N	180	2016-04-10 16:05:42.736005	2016-04-10 16:05:42.736005
359	\N	\N	\N	\N	180	2016-04-10 16:05:42.744376	2016-04-10 16:05:42.744376
360	\N	\N	\N	\N	180	2016-04-10 16:05:42.752682	2016-04-10 16:05:42.752682
361	\N	\N	\N	\N	182	2016-04-10 16:05:42.761679	2016-04-10 16:05:42.761679
362	\N	\N	\N	\N	183	2016-04-10 16:05:42.769542	2016-04-10 16:05:42.769542
363	\N	\N	\N	\N	183	2016-04-10 16:05:42.783528	2016-04-10 16:05:42.783528
364	\N	\N	\N	\N	184	2016-04-10 16:05:42.794498	2016-04-10 16:05:42.794498
365	\N	\N	\N	\N	184	2016-04-10 16:05:42.802635	2016-04-10 16:05:42.802635
366	\N	\N	\N	\N	184	2016-04-10 16:05:42.811009	2016-04-10 16:05:42.811009
367	\N	\N	\N	\N	185	2016-04-10 16:05:42.819504	2016-04-10 16:05:42.819504
368	\N	\N	\N	\N	185	2016-04-10 16:05:42.827675	2016-04-10 16:05:42.827675
369	\N	\N	\N	\N	185	2016-04-10 16:05:42.835375	2016-04-10 16:05:42.835375
370	\N	\N	\N	\N	185	2016-04-10 16:05:42.844143	2016-04-10 16:05:42.844143
371	\N	\N	\N	\N	187	2016-04-10 16:05:42.852785	2016-04-10 16:05:42.852785
372	\N	\N	\N	\N	188	2016-04-10 16:05:42.861102	2016-04-10 16:05:42.861102
373	\N	\N	\N	\N	188	2016-04-10 16:05:42.88319	2016-04-10 16:05:42.88319
374	\N	\N	\N	\N	189	2016-04-10 16:05:42.902886	2016-04-10 16:05:42.902886
375	\N	\N	\N	\N	189	2016-04-10 16:05:42.911078	2016-04-10 16:05:42.911078
376	\N	\N	\N	\N	189	2016-04-10 16:05:42.918959	2016-04-10 16:05:42.918959
377	\N	\N	\N	\N	190	2016-04-10 16:05:42.927934	2016-04-10 16:05:42.927934
378	\N	\N	\N	\N	190	2016-04-10 16:05:42.936089	2016-04-10 16:05:42.936089
379	\N	\N	\N	\N	190	2016-04-10 16:05:42.944432	2016-04-10 16:05:42.944432
380	\N	\N	\N	\N	190	2016-04-10 16:05:42.95228	2016-04-10 16:05:42.95228
381	\N	\N	\N	\N	192	2016-04-10 16:05:42.961263	2016-04-10 16:05:42.961263
382	\N	\N	\N	\N	193	2016-04-10 16:05:42.969654	2016-04-10 16:05:42.969654
383	\N	\N	\N	\N	193	2016-04-10 16:05:42.977755	2016-04-10 16:05:42.977755
384	\N	\N	\N	\N	194	2016-04-10 16:05:42.986276	2016-04-10 16:05:42.986276
385	\N	\N	\N	\N	194	2016-04-10 16:05:42.99443	2016-04-10 16:05:42.99443
386	\N	\N	\N	\N	194	2016-04-10 16:05:43.002758	2016-04-10 16:05:43.002758
387	\N	\N	\N	\N	195	2016-04-10 16:05:43.011319	2016-04-10 16:05:43.011319
388	\N	\N	\N	\N	195	2016-04-10 16:05:43.019399	2016-04-10 16:05:43.019399
389	\N	\N	\N	\N	195	2016-04-10 16:05:43.027714	2016-04-10 16:05:43.027714
390	\N	\N	\N	\N	195	2016-04-10 16:05:43.035771	2016-04-10 16:05:43.035771
391	\N	\N	\N	\N	197	2016-04-10 16:05:43.044604	2016-04-10 16:05:43.044604
392	\N	\N	\N	\N	198	2016-04-10 16:05:43.052424	2016-04-10 16:05:43.052424
393	\N	\N	\N	\N	198	2016-04-10 16:05:43.061098	2016-04-10 16:05:43.061098
394	\N	\N	\N	\N	199	2016-04-10 16:05:43.069677	2016-04-10 16:05:43.069677
395	\N	\N	\N	\N	199	2016-04-10 16:05:43.077846	2016-04-10 16:05:43.077846
396	\N	\N	\N	\N	199	2016-04-10 16:05:43.086131	2016-04-10 16:05:43.086131
397	\N	\N	\N	\N	200	2016-04-10 16:05:43.094703	2016-04-10 16:05:43.094703
398	\N	\N	\N	\N	200	2016-04-10 16:05:43.102882	2016-04-10 16:05:43.102882
399	\N	\N	\N	\N	200	2016-04-10 16:05:43.11077	2016-04-10 16:05:43.11077
400	\N	\N	\N	\N	200	2016-04-10 16:05:43.11905	2016-04-10 16:05:43.11905
401	\N	\N	\N	\N	202	2016-04-10 16:05:43.128056	2016-04-10 16:05:43.128056
402	\N	\N	\N	\N	203	2016-04-10 16:05:43.136327	2016-04-10 16:05:43.136327
403	\N	\N	\N	\N	203	2016-04-10 16:05:43.144036	2016-04-10 16:05:43.144036
404	\N	\N	\N	\N	204	2016-04-10 16:05:43.153041	2016-04-10 16:05:43.153041
405	\N	\N	\N	\N	204	2016-04-10 16:05:43.161199	2016-04-10 16:05:43.161199
406	\N	\N	\N	\N	204	2016-04-10 16:05:43.169575	2016-04-10 16:05:43.169575
407	\N	\N	\N	\N	205	2016-04-10 16:05:43.178033	2016-04-10 16:05:43.178033
408	\N	\N	\N	\N	205	2016-04-10 16:05:43.186163	2016-04-10 16:05:43.186163
409	\N	\N	\N	\N	205	2016-04-10 16:05:43.194513	2016-04-10 16:05:43.194513
410	\N	\N	\N	\N	205	2016-04-10 16:05:43.202863	2016-04-10 16:05:43.202863
411	\N	\N	\N	\N	207	2016-04-10 16:05:43.211406	2016-04-10 16:05:43.211406
412	\N	\N	\N	\N	208	2016-04-10 16:05:43.219745	2016-04-10 16:05:43.219745
413	\N	\N	\N	\N	208	2016-04-10 16:05:43.228013	2016-04-10 16:05:43.228013
414	\N	\N	\N	\N	209	2016-04-10 16:05:43.236547	2016-04-10 16:05:43.236547
415	\N	\N	\N	\N	209	2016-04-10 16:05:43.244643	2016-04-10 16:05:43.244643
416	\N	\N	\N	\N	209	2016-04-10 16:05:43.252997	2016-04-10 16:05:43.252997
417	\N	\N	\N	\N	210	2016-04-10 16:05:43.261498	2016-04-10 16:05:43.261498
418	\N	\N	\N	\N	210	2016-04-10 16:05:43.269644	2016-04-10 16:05:43.269644
419	\N	\N	\N	\N	210	2016-04-10 16:05:43.277971	2016-04-10 16:05:43.277971
420	\N	\N	\N	\N	210	2016-04-10 16:05:43.286377	2016-04-10 16:05:43.286377
421	\N	\N	\N	\N	212	2016-04-10 16:05:43.294843	2016-04-10 16:05:43.294843
422	\N	\N	\N	\N	213	2016-04-10 16:05:43.303166	2016-04-10 16:05:43.303166
423	\N	\N	\N	\N	213	2016-04-10 16:05:43.311336	2016-04-10 16:05:43.311336
424	\N	\N	\N	\N	214	2016-04-10 16:05:43.319844	2016-04-10 16:05:43.319844
425	\N	\N	\N	\N	214	2016-04-10 16:05:43.327954	2016-04-10 16:05:43.327954
426	\N	\N	\N	\N	214	2016-04-10 16:05:43.336302	2016-04-10 16:05:43.336302
427	\N	\N	\N	\N	215	2016-04-10 16:05:43.344813	2016-04-10 16:05:43.344813
428	\N	\N	\N	\N	215	2016-04-10 16:05:43.402979	2016-04-10 16:05:43.402979
429	\N	\N	\N	\N	215	2016-04-10 16:05:43.411349	2016-04-10 16:05:43.411349
430	\N	\N	\N	\N	215	2016-04-10 16:05:43.419642	2016-04-10 16:05:43.419642
431	\N	\N	\N	\N	217	2016-04-10 16:05:43.428225	2016-04-10 16:05:43.428225
432	\N	\N	\N	\N	218	2016-04-10 16:05:43.436552	2016-04-10 16:05:43.436552
433	\N	\N	\N	\N	218	2016-04-10 16:05:43.44465	2016-04-10 16:05:43.44465
434	\N	\N	\N	\N	219	2016-04-10 16:05:43.453149	2016-04-10 16:05:43.453149
435	\N	\N	\N	\N	219	2016-04-10 16:05:43.461325	2016-04-10 16:05:43.461325
436	\N	\N	\N	\N	219	2016-04-10 16:05:43.469213	2016-04-10 16:05:43.469213
437	\N	\N	\N	\N	220	2016-04-10 16:05:43.478222	2016-04-10 16:05:43.478222
438	\N	\N	\N	\N	220	2016-04-10 16:05:43.486414	2016-04-10 16:05:43.486414
439	\N	\N	\N	\N	220	2016-04-10 16:05:43.494736	2016-04-10 16:05:43.494736
440	\N	\N	\N	\N	220	2016-04-10 16:05:43.503077	2016-04-10 16:05:43.503077
441	\N	\N	\N	\N	222	2016-04-10 16:05:43.51162	2016-04-10 16:05:43.51162
442	\N	\N	\N	\N	223	2016-04-10 16:05:43.519948	2016-04-10 16:05:43.519948
443	\N	\N	\N	\N	223	2016-04-10 16:05:43.528082	2016-04-10 16:05:43.528082
444	\N	\N	\N	\N	224	2016-04-10 16:05:43.536588	2016-04-10 16:05:43.536588
445	\N	\N	\N	\N	224	2016-04-10 16:05:43.544762	2016-04-10 16:05:43.544762
446	\N	\N	\N	\N	224	2016-04-10 16:05:43.553106	2016-04-10 16:05:43.553106
447	\N	\N	\N	\N	225	2016-04-10 16:05:43.561606	2016-04-10 16:05:43.561606
448	\N	\N	\N	\N	225	2016-04-10 16:05:43.569809	2016-04-10 16:05:43.569809
449	\N	\N	\N	\N	225	2016-04-10 16:05:43.578063	2016-04-10 16:05:43.578063
450	\N	\N	\N	\N	225	2016-04-10 16:05:43.586394	2016-04-10 16:05:43.586394
451	\N	\N	\N	\N	227	2016-04-10 16:05:43.594946	2016-04-10 16:05:43.594946
452	\N	\N	\N	\N	228	2016-04-10 16:05:43.603227	2016-04-10 16:05:43.603227
453	\N	\N	\N	\N	228	2016-04-10 16:05:43.611388	2016-04-10 16:05:43.611388
454	\N	\N	\N	\N	229	2016-04-10 16:05:43.619877	2016-04-10 16:05:43.619877
455	\N	\N	\N	\N	229	2016-04-10 16:05:43.628086	2016-04-10 16:05:43.628086
456	\N	\N	\N	\N	229	2016-04-10 16:05:43.63636	2016-04-10 16:05:43.63636
457	\N	\N	\N	\N	230	2016-04-10 16:05:43.64502	2016-04-10 16:05:43.64502
458	\N	\N	\N	\N	230	2016-04-10 16:05:43.653017	2016-04-10 16:05:43.653017
459	\N	\N	\N	\N	230	2016-04-10 16:05:43.661452	2016-04-10 16:05:43.661452
460	\N	\N	\N	\N	230	2016-04-10 16:05:43.669809	2016-04-10 16:05:43.669809
461	\N	\N	\N	\N	232	2016-04-10 16:05:43.67833	2016-04-10 16:05:43.67833
462	\N	\N	\N	\N	233	2016-04-10 16:05:43.68665	2016-04-10 16:05:43.68665
463	\N	\N	\N	\N	233	2016-04-10 16:05:43.694784	2016-04-10 16:05:43.694784
464	\N	\N	\N	\N	234	2016-04-10 16:05:43.703319	2016-04-10 16:05:43.703319
465	\N	\N	\N	\N	234	2016-04-10 16:05:43.711556	2016-04-10 16:05:43.711556
466	\N	\N	\N	\N	234	2016-04-10 16:05:43.719829	2016-04-10 16:05:43.719829
467	\N	\N	\N	\N	235	2016-04-10 16:05:43.728348	2016-04-10 16:05:43.728348
468	\N	\N	\N	\N	235	2016-04-10 16:05:43.736491	2016-04-10 16:05:43.736491
469	\N	\N	\N	\N	235	2016-04-10 16:05:43.744832	2016-04-10 16:05:43.744832
470	\N	\N	\N	\N	235	2016-04-10 16:05:43.753152	2016-04-10 16:05:43.753152
471	\N	\N	\N	\N	237	2016-04-10 16:05:43.761684	2016-04-10 16:05:43.761684
472	\N	\N	\N	\N	238	2016-04-10 16:05:43.770007	2016-04-10 16:05:43.770007
473	\N	\N	\N	\N	238	2016-04-10 16:05:43.778149	2016-04-10 16:05:43.778149
474	\N	\N	\N	\N	239	2016-04-10 16:05:43.786694	2016-04-10 16:05:43.786694
475	\N	\N	\N	\N	239	2016-04-10 16:05:43.794813	2016-04-10 16:05:43.794813
476	\N	\N	\N	\N	239	2016-04-10 16:05:43.803149	2016-04-10 16:05:43.803149
477	\N	\N	\N	\N	240	2016-04-10 16:05:43.811654	2016-04-10 16:05:43.811654
478	\N	\N	\N	\N	240	2016-04-10 16:05:43.819837	2016-04-10 16:05:43.819837
479	\N	\N	\N	\N	240	2016-04-10 16:05:43.82817	2016-04-10 16:05:43.82817
480	\N	\N	\N	\N	240	2016-04-10 16:05:43.836507	2016-04-10 16:05:43.836507
481	\N	\N	\N	\N	242	2016-04-10 16:05:43.844969	2016-04-10 16:05:43.844969
482	\N	\N	\N	\N	243	2016-04-10 16:05:43.853365	2016-04-10 16:05:43.853365
483	\N	\N	\N	\N	243	2016-04-10 16:05:43.861579	2016-04-10 16:05:43.861579
484	\N	\N	\N	\N	244	2016-04-10 16:05:43.87013	2016-04-10 16:05:43.87013
485	\N	\N	\N	\N	244	2016-04-10 16:05:43.878276	2016-04-10 16:05:43.878276
486	\N	\N	\N	\N	244	2016-04-10 16:05:43.886594	2016-04-10 16:05:43.886594
487	\N	\N	\N	\N	245	2016-04-10 16:05:43.895135	2016-04-10 16:05:43.895135
488	\N	\N	\N	\N	245	2016-04-10 16:05:43.90325	2016-04-10 16:05:43.90325
489	\N	\N	\N	\N	245	2016-04-10 16:05:43.911574	2016-04-10 16:05:43.911574
490	\N	\N	\N	\N	245	2016-04-10 16:05:43.919945	2016-04-10 16:05:43.919945
491	\N	\N	\N	\N	247	2016-04-10 16:05:43.928452	2016-04-10 16:05:43.928452
492	\N	\N	\N	\N	248	2016-04-10 16:05:43.93677	2016-04-10 16:05:43.93677
493	\N	\N	\N	\N	248	2016-04-10 16:05:43.944971	2016-04-10 16:05:43.944971
494	\N	\N	\N	\N	249	2016-04-10 16:05:43.953453	2016-04-10 16:05:43.953453
495	\N	\N	\N	\N	249	2016-04-10 16:05:43.961586	2016-04-10 16:05:43.961586
496	\N	\N	\N	\N	249	2016-04-10 16:05:43.969952	2016-04-10 16:05:43.969952
497	\N	\N	\N	\N	250	2016-04-10 16:05:43.978484	2016-04-10 16:05:43.978484
498	\N	\N	\N	\N	250	2016-04-10 16:05:43.986601	2016-04-10 16:05:43.986601
499	\N	\N	\N	\N	250	2016-04-10 16:05:43.995008	2016-04-10 16:05:43.995008
500	\N	\N	\N	\N	250	2016-04-10 16:05:44.003284	2016-04-10 16:05:44.003284
501	\N	\N	\N	\N	252	2016-04-10 16:05:44.011836	2016-04-10 16:05:44.011836
502	\N	\N	\N	\N	253	2016-04-10 16:05:44.020146	2016-04-10 16:05:44.020146
503	\N	\N	\N	\N	253	2016-04-10 16:05:44.028312	2016-04-10 16:05:44.028312
504	\N	\N	\N	\N	254	2016-04-10 16:05:44.036805	2016-04-10 16:05:44.036805
505	\N	\N	\N	\N	254	2016-04-10 16:05:44.04498	2016-04-10 16:05:44.04498
506	\N	\N	\N	\N	254	2016-04-10 16:05:44.053262	2016-04-10 16:05:44.053262
507	\N	\N	\N	\N	255	2016-04-10 16:05:44.061891	2016-04-10 16:05:44.061891
508	\N	\N	\N	\N	255	2016-04-10 16:05:44.070018	2016-04-10 16:05:44.070018
509	\N	\N	\N	\N	255	2016-04-10 16:05:44.078345	2016-04-10 16:05:44.078345
510	\N	\N	\N	\N	255	2016-04-10 16:05:44.086681	2016-04-10 16:05:44.086681
511	\N	\N	\N	\N	257	2016-04-10 16:05:44.09526	2016-04-10 16:05:44.09526
512	\N	\N	\N	\N	258	2016-04-10 16:05:44.103529	2016-04-10 16:05:44.103529
513	\N	\N	\N	\N	258	2016-04-10 16:05:44.111701	2016-04-10 16:05:44.111701
514	\N	\N	\N	\N	259	2016-04-10 16:05:44.120211	2016-04-10 16:05:44.120211
515	\N	\N	\N	\N	259	2016-04-10 16:05:44.128368	2016-04-10 16:05:44.128368
516	\N	\N	\N	\N	259	2016-04-10 16:05:44.136805	2016-04-10 16:05:44.136805
517	\N	\N	\N	\N	260	2016-04-10 16:05:44.145252	2016-04-10 16:05:44.145252
518	\N	\N	\N	\N	260	2016-04-10 16:05:44.153379	2016-04-10 16:05:44.153379
519	\N	\N	\N	\N	260	2016-04-10 16:05:44.161228	2016-04-10 16:05:44.161228
520	\N	\N	\N	\N	260	2016-04-10 16:05:44.169985	2016-04-10 16:05:44.169985
521	\N	\N	\N	\N	262	2016-04-10 16:05:44.178554	2016-04-10 16:05:44.178554
522	\N	\N	\N	\N	263	2016-04-10 16:05:44.186869	2016-04-10 16:05:44.186869
523	\N	\N	\N	\N	263	2016-04-10 16:05:44.195107	2016-04-10 16:05:44.195107
524	\N	\N	\N	\N	264	2016-04-10 16:05:44.203559	2016-04-10 16:05:44.203559
525	\N	\N	\N	\N	264	2016-04-10 16:05:44.211704	2016-04-10 16:05:44.211704
526	\N	\N	\N	\N	264	2016-04-10 16:05:44.220042	2016-04-10 16:05:44.220042
527	\N	\N	\N	\N	265	2016-04-10 16:05:44.228576	2016-04-10 16:05:44.228576
528	\N	\N	\N	\N	265	2016-04-10 16:05:44.236719	2016-04-10 16:05:44.236719
529	\N	\N	\N	\N	265	2016-04-10 16:05:44.245046	2016-04-10 16:05:44.245046
530	\N	\N	\N	\N	265	2016-04-10 16:05:44.252983	2016-04-10 16:05:44.252983
531	\N	\N	\N	\N	267	2016-04-10 16:05:44.261963	2016-04-10 16:05:44.261963
532	\N	\N	\N	\N	268	2016-04-10 16:05:44.270318	2016-04-10 16:05:44.270318
533	\N	\N	\N	\N	268	2016-04-10 16:05:44.278557	2016-04-10 16:05:44.278557
534	\N	\N	\N	\N	269	2016-04-10 16:05:44.286984	2016-04-10 16:05:44.286984
535	\N	\N	\N	\N	269	2016-04-10 16:05:44.29521	2016-04-10 16:05:44.29521
536	\N	\N	\N	\N	269	2016-04-10 16:05:44.30347	2016-04-10 16:05:44.30347
537	\N	\N	\N	\N	270	2016-04-10 16:05:44.311999	2016-04-10 16:05:44.311999
538	\N	\N	\N	\N	270	2016-04-10 16:05:44.320142	2016-04-10 16:05:44.320142
539	\N	\N	\N	\N	270	2016-04-10 16:05:44.328489	2016-04-10 16:05:44.328489
540	\N	\N	\N	\N	270	2016-04-10 16:05:44.336797	2016-04-10 16:05:44.336797
541	\N	\N	\N	\N	272	2016-04-10 16:05:44.34538	2016-04-10 16:05:44.34538
542	\N	\N	\N	\N	273	2016-04-10 16:05:44.353658	2016-04-10 16:05:44.353658
543	\N	\N	\N	\N	273	2016-04-10 16:05:44.361797	2016-04-10 16:05:44.361797
544	\N	\N	\N	\N	274	2016-04-10 16:05:44.370359	2016-04-10 16:05:44.370359
545	\N	\N	\N	\N	274	2016-04-10 16:05:44.378527	2016-04-10 16:05:44.378527
546	\N	\N	\N	\N	274	2016-04-10 16:05:44.386811	2016-04-10 16:05:44.386811
547	\N	\N	\N	\N	275	2016-04-10 16:05:44.395381	2016-04-10 16:05:44.395381
548	\N	\N	\N	\N	275	2016-04-10 16:05:44.40346	2016-04-10 16:05:44.40346
549	\N	\N	\N	\N	275	2016-04-10 16:05:44.411805	2016-04-10 16:05:44.411805
550	\N	\N	\N	\N	275	2016-04-10 16:05:44.420199	2016-04-10 16:05:44.420199
551	\N	\N	\N	\N	277	2016-04-10 16:05:44.428671	2016-04-10 16:05:44.428671
552	\N	\N	\N	\N	278	2016-04-10 16:05:44.437011	2016-04-10 16:05:44.437011
553	\N	\N	\N	\N	278	2016-04-10 16:05:44.445219	2016-04-10 16:05:44.445219
554	\N	\N	\N	\N	279	2016-04-10 16:05:44.4533	2016-04-10 16:05:44.4533
555	\N	\N	\N	\N	279	2016-04-10 16:05:44.461897	2016-04-10 16:05:44.461897
556	\N	\N	\N	\N	279	2016-04-10 16:05:44.470222	2016-04-10 16:05:44.470222
557	\N	\N	\N	\N	280	2016-04-10 16:05:44.478767	2016-04-10 16:05:44.478767
558	\N	\N	\N	\N	280	2016-04-10 16:05:44.486461	2016-04-10 16:05:44.486461
559	\N	\N	\N	\N	280	2016-04-10 16:05:44.494794	2016-04-10 16:05:44.494794
560	\N	\N	\N	\N	280	2016-04-10 16:05:44.503545	2016-04-10 16:05:44.503545
561	\N	\N	\N	\N	282	2016-04-10 16:05:44.512168	2016-04-10 16:05:44.512168
562	\N	\N	\N	\N	283	2016-04-10 16:05:44.52045	2016-04-10 16:05:44.52045
563	\N	\N	\N	\N	283	2016-04-10 16:05:44.528556	2016-04-10 16:05:44.528556
564	\N	\N	\N	\N	284	2016-04-10 16:05:44.537083	2016-04-10 16:05:44.537083
565	\N	\N	\N	\N	284	2016-04-10 16:05:44.545311	2016-04-10 16:05:44.545311
566	\N	\N	\N	\N	284	2016-04-10 16:05:44.553561	2016-04-10 16:05:44.553561
567	\N	\N	\N	\N	285	2016-04-10 16:05:44.562025	2016-04-10 16:05:44.562025
568	\N	\N	\N	\N	285	2016-04-10 16:05:44.57021	2016-04-10 16:05:44.57021
569	\N	\N	\N	\N	285	2016-04-10 16:05:44.578561	2016-04-10 16:05:44.578561
570	\N	\N	\N	\N	285	2016-04-10 16:05:44.586884	2016-04-10 16:05:44.586884
571	\N	\N	\N	\N	287	2016-04-10 16:05:44.595493	2016-04-10 16:05:44.595493
572	\N	\N	\N	\N	288	2016-04-10 16:05:44.603765	2016-04-10 16:05:44.603765
573	\N	\N	\N	\N	288	2016-04-10 16:05:44.61194	2016-04-10 16:05:44.61194
574	\N	\N	\N	\N	289	2016-04-10 16:05:44.620448	2016-04-10 16:05:44.620448
575	\N	\N	\N	\N	289	2016-04-10 16:05:44.628527	2016-04-10 16:05:44.628527
576	\N	\N	\N	\N	289	2016-04-10 16:05:44.636904	2016-04-10 16:05:44.636904
577	\N	\N	\N	\N	290	2016-04-10 16:05:44.645475	2016-04-10 16:05:44.645475
578	\N	\N	\N	\N	290	2016-04-10 16:05:44.653414	2016-04-10 16:05:44.653414
579	\N	\N	\N	\N	290	2016-04-10 16:05:44.662025	2016-04-10 16:05:44.662025
580	\N	\N	\N	\N	290	2016-04-10 16:05:44.67034	2016-04-10 16:05:44.67034
581	\N	\N	\N	\N	292	2016-04-10 16:05:44.67888	2016-04-10 16:05:44.67888
582	\N	\N	\N	\N	293	2016-04-10 16:05:44.687176	2016-04-10 16:05:44.687176
583	\N	\N	\N	\N	293	2016-04-10 16:05:44.695351	2016-04-10 16:05:44.695351
584	\N	\N	\N	\N	294	2016-04-10 16:05:44.703801	2016-04-10 16:05:44.703801
585	\N	\N	\N	\N	294	2016-04-10 16:05:44.712029	2016-04-10 16:05:44.712029
586	\N	\N	\N	\N	294	2016-04-10 16:05:44.720033	2016-04-10 16:05:44.720033
587	\N	\N	\N	\N	295	2016-04-10 16:05:44.728533	2016-04-10 16:05:44.728533
588	\N	\N	\N	\N	295	2016-04-10 16:05:44.736549	2016-04-10 16:05:44.736549
589	\N	\N	\N	\N	295	2016-04-10 16:05:44.74542	2016-04-10 16:05:44.74542
590	\N	\N	\N	\N	295	2016-04-10 16:05:44.753675	2016-04-10 16:05:44.753675
591	\N	\N	\N	\N	297	2016-04-10 16:05:44.762237	2016-04-10 16:05:44.762237
592	\N	\N	\N	\N	298	2016-04-10 16:05:44.770519	2016-04-10 16:05:44.770519
593	\N	\N	\N	\N	298	2016-04-10 16:05:44.778663	2016-04-10 16:05:44.778663
594	\N	\N	\N	\N	299	2016-04-10 16:05:44.787193	2016-04-10 16:05:44.787193
595	\N	\N	\N	\N	299	2016-04-10 16:05:44.79539	2016-04-10 16:05:44.79539
596	\N	\N	\N	\N	299	2016-04-10 16:05:44.803693	2016-04-10 16:05:44.803693
597	\N	\N	\N	\N	300	2016-04-10 16:05:44.812201	2016-04-10 16:05:44.812201
598	\N	\N	\N	\N	300	2016-04-10 16:05:44.820354	2016-04-10 16:05:44.820354
599	\N	\N	\N	\N	300	2016-04-10 16:05:44.828674	2016-04-10 16:05:44.828674
600	\N	\N	\N	\N	300	2016-04-10 16:05:44.837091	2016-04-10 16:05:44.837091
601	\N	\N	\N	\N	302	2016-04-10 16:05:44.845486	2016-04-10 16:05:44.845486
602	\N	\N	\N	\N	303	2016-04-10 16:05:44.853776	2016-04-10 16:05:44.853776
603	\N	\N	\N	\N	303	2016-04-10 16:05:44.862	2016-04-10 16:05:44.862
604	\N	\N	\N	\N	304	2016-04-10 16:05:44.870428	2016-04-10 16:05:44.870428
605	\N	\N	\N	\N	304	2016-04-10 16:05:44.878629	2016-04-10 16:05:44.878629
606	\N	\N	\N	\N	304	2016-04-10 16:05:44.886951	2016-04-10 16:05:44.886951
607	\N	\N	\N	\N	305	2016-04-10 16:05:44.89546	2016-04-10 16:05:44.89546
608	\N	\N	\N	\N	305	2016-04-10 16:05:44.903609	2016-04-10 16:05:44.903609
609	\N	\N	\N	\N	305	2016-04-10 16:05:44.911972	2016-04-10 16:05:44.911972
610	\N	\N	\N	\N	305	2016-04-10 16:05:44.920358	2016-04-10 16:05:44.920358
611	\N	\N	\N	\N	307	2016-04-10 16:05:44.928755	2016-04-10 16:05:44.928755
612	\N	\N	\N	\N	308	2016-04-10 16:05:44.937079	2016-04-10 16:05:44.937079
613	\N	\N	\N	\N	308	2016-04-10 16:05:44.944898	2016-04-10 16:05:44.944898
614	\N	\N	\N	\N	309	2016-04-10 16:05:44.953324	2016-04-10 16:05:44.953324
615	\N	\N	\N	\N	309	2016-04-10 16:05:44.961958	2016-04-10 16:05:44.961958
616	\N	\N	\N	\N	309	2016-04-10 16:05:44.9703	2016-04-10 16:05:44.9703
617	\N	\N	\N	\N	310	2016-04-10 16:05:44.978772	2016-04-10 16:05:44.978772
618	\N	\N	\N	\N	310	2016-04-10 16:05:44.98698	2016-04-10 16:05:44.98698
619	\N	\N	\N	\N	310	2016-04-10 16:05:44.995243	2016-04-10 16:05:44.995243
620	\N	\N	\N	\N	310	2016-04-10 16:05:45.003639	2016-04-10 16:05:45.003639
621	\N	\N	\N	\N	312	2016-04-10 16:05:45.012172	2016-04-10 16:05:45.012172
622	\N	\N	\N	\N	313	2016-04-10 16:05:45.020498	2016-04-10 16:05:45.020498
623	\N	\N	\N	\N	313	2016-04-10 16:05:45.028613	2016-04-10 16:05:45.028613
624	\N	\N	\N	\N	314	2016-04-10 16:05:45.037203	2016-04-10 16:05:45.037203
625	\N	\N	\N	\N	314	2016-04-10 16:05:45.045388	2016-04-10 16:05:45.045388
626	\N	\N	\N	\N	314	2016-04-10 16:05:45.053745	2016-04-10 16:05:45.053745
627	\N	\N	\N	\N	315	2016-04-10 16:05:45.062235	2016-04-10 16:05:45.062235
628	\N	\N	\N	\N	315	2016-04-10 16:05:45.070436	2016-04-10 16:05:45.070436
629	\N	\N	\N	\N	315	2016-04-10 16:05:45.078707	2016-04-10 16:05:45.078707
630	\N	\N	\N	\N	315	2016-04-10 16:05:45.086988	2016-04-10 16:05:45.086988
631	\N	\N	\N	\N	317	2016-04-10 16:05:45.095551	2016-04-10 16:05:45.095551
632	\N	\N	\N	\N	318	2016-04-10 16:05:45.103951	2016-04-10 16:05:45.103951
633	\N	\N	\N	\N	318	2016-04-10 16:05:45.112045	2016-04-10 16:05:45.112045
634	\N	\N	\N	\N	319	2016-04-10 16:05:45.120557	2016-04-10 16:05:45.120557
635	\N	\N	\N	\N	319	2016-04-10 16:05:45.128718	2016-04-10 16:05:45.128718
636	\N	\N	\N	\N	319	2016-04-10 16:05:45.13706	2016-04-10 16:05:45.13706
637	\N	\N	\N	\N	320	2016-04-10 16:05:45.145545	2016-04-10 16:05:45.145545
638	\N	\N	\N	\N	320	2016-04-10 16:05:45.153326	2016-04-10 16:05:45.153326
639	\N	\N	\N	\N	320	2016-04-10 16:05:45.161887	2016-04-10 16:05:45.161887
640	\N	\N	\N	\N	320	2016-04-10 16:05:45.170375	2016-04-10 16:05:45.170375
\.


--
-- Name: area_border_lines_id_seq; Type: SEQUENCE SET; Schema: public; Owner: postgres
--

SELECT pg_catalog.setval('area_border_lines_id_seq', 640, true);


--
-- Data for Name: areas; Type: TABLE DATA; Schema: public; Owner: postgres
--

COPY areas (id, name, description, user_id, created_at, updated_at, city_id) FROM stdin;
1	zona 1	\N	1	2016-04-10 16:05:33.75135	2016-04-10 16:05:33.75135	1
2	zona 2	\N	2	2016-04-10 16:05:33.762667	2016-04-10 16:05:33.762667	1
3	zona 3	\N	3	2016-04-10 16:05:33.770949	2016-04-10 16:05:33.770949	1
4	zona 4	\N	4	2016-04-10 16:05:33.779265	2016-04-10 16:05:33.779265	1
5	zona 5	\N	5	2016-04-10 16:05:33.787165	2016-04-10 16:05:33.787165	1
6	zona 6	\N	6	2016-04-10 16:05:33.796015	2016-04-10 16:05:33.796015	1
7	zona 7	\N	7	2016-04-10 16:05:33.804329	2016-04-10 16:05:33.804329	1
8	zona 8	\N	8	2016-04-10 16:05:33.812689	2016-04-10 16:05:33.812689	1
9	zona 9	\N	9	2016-04-10 16:05:33.821003	2016-04-10 16:05:33.821003	1
10	zona 10	\N	10	2016-04-10 16:05:33.829341	2016-04-10 16:05:33.829341	1
11	zona 11	\N	11	2016-04-10 16:05:33.837685	2016-04-10 16:05:33.837685	1
12	zona 12	\N	12	2016-04-10 16:05:33.846005	2016-04-10 16:05:33.846005	1
13	zona 13	\N	13	2016-04-10 16:05:33.854311	2016-04-10 16:05:33.854311	1
14	zona 14	\N	14	2016-04-10 16:05:33.871026	2016-04-10 16:05:33.871026	1
15	zona 15	\N	15	2016-04-10 16:05:33.879352	2016-04-10 16:05:33.879352	1
16	zona 16	\N	16	2016-04-10 16:05:33.887644	2016-04-10 16:05:33.887644	1
17	zona 17	\N	17	2016-04-10 16:05:33.89607	2016-04-10 16:05:33.89607	1
18	zona 18	\N	18	2016-04-10 16:05:33.904356	2016-04-10 16:05:33.904356	1
19	zona 19	\N	19	2016-04-10 16:05:33.9127	2016-04-10 16:05:33.9127	1
20	zona 20	\N	20	2016-04-10 16:05:33.921169	2016-04-10 16:05:33.921169	1
21	zona 21	\N	21	2016-04-10 16:05:33.929435	2016-04-10 16:05:33.929435	1
22	zona 22	\N	22	2016-04-10 16:05:33.937751	2016-04-10 16:05:33.937751	1
23	zona 23	\N	23	2016-04-10 16:05:33.946155	2016-04-10 16:05:33.946155	1
24	zona 24	\N	24	2016-04-10 16:05:33.954473	2016-04-10 16:05:33.954473	1
25	zona 25	\N	25	2016-04-10 16:05:33.962809	2016-04-10 16:05:33.962809	1
26	zona 26	\N	26	2016-04-10 16:05:33.97116	2016-04-10 16:05:33.97116	1
27	zona 27	\N	27	2016-04-10 16:05:33.979486	2016-04-10 16:05:33.979486	1
28	zona 28	\N	28	2016-04-10 16:05:33.987785	2016-04-10 16:05:33.987785	1
29	zona 29	\N	29	2016-04-10 16:05:33.995631	2016-04-10 16:05:33.995631	1
30	zona 30	\N	30	2016-04-10 16:05:34.004451	2016-04-10 16:05:34.004451	1
31	zona 31	\N	31	2016-04-10 16:05:34.012789	2016-04-10 16:05:34.012789	1
32	zona 32	\N	32	2016-04-10 16:05:34.021159	2016-04-10 16:05:34.021159	1
33	zona 1	\N	1	2016-04-10 16:05:34.029677	2016-04-10 16:05:34.029677	10
34	zona 2	\N	2	2016-04-10 16:05:34.037808	2016-04-10 16:05:34.037808	10
35	zona 3	\N	3	2016-04-10 16:05:34.046076	2016-04-10 16:05:34.046076	10
36	zona 4	\N	4	2016-04-10 16:05:34.053999	2016-04-10 16:05:34.053999	10
37	zona 5	\N	5	2016-04-10 16:05:34.062795	2016-04-10 16:05:34.062795	10
38	zona 6	\N	6	2016-04-10 16:05:34.07127	2016-04-10 16:05:34.07127	10
39	zona 7	\N	7	2016-04-10 16:05:34.079546	2016-04-10 16:05:34.079546	10
40	zona 8	\N	8	2016-04-10 16:05:34.087898	2016-04-10 16:05:34.087898	10
41	zona 9	\N	9	2016-04-10 16:05:34.104569	2016-04-10 16:05:34.104569	10
42	zona 10	\N	10	2016-04-10 16:05:34.112899	2016-04-10 16:05:34.112899	10
43	zona 11	\N	11	2016-04-10 16:05:34.121243	2016-04-10 16:05:34.121243	10
44	zona 12	\N	12	2016-04-10 16:05:34.12958	2016-04-10 16:05:34.12958	10
45	zona 13	\N	13	2016-04-10 16:05:34.138039	2016-04-10 16:05:34.138039	10
46	zona 14	\N	14	2016-04-10 16:05:34.146237	2016-04-10 16:05:34.146237	10
47	zona 15	\N	15	2016-04-10 16:05:34.154112	2016-04-10 16:05:34.154112	10
48	zona 16	\N	16	2016-04-10 16:05:34.162438	2016-04-10 16:05:34.162438	10
49	zona 17	\N	17	2016-04-10 16:05:34.171241	2016-04-10 16:05:34.171241	10
50	zona 18	\N	18	2016-04-10 16:05:34.179541	2016-04-10 16:05:34.179541	10
51	zona 19	\N	19	2016-04-10 16:05:34.188041	2016-04-10 16:05:34.188041	10
52	zona 20	\N	20	2016-04-10 16:05:34.196291	2016-04-10 16:05:34.196291	10
53	zona 21	\N	21	2016-04-10 16:05:34.204564	2016-04-10 16:05:34.204564	10
54	zona 22	\N	22	2016-04-10 16:05:34.212887	2016-04-10 16:05:34.212887	10
55	zona 23	\N	23	2016-04-10 16:05:34.221308	2016-04-10 16:05:34.221308	10
56	zona 24	\N	24	2016-04-10 16:05:34.229108	2016-04-10 16:05:34.229108	10
57	zona 25	\N	25	2016-04-10 16:05:34.237404	2016-04-10 16:05:34.237404	10
58	zona 26	\N	26	2016-04-10 16:05:34.246175	2016-04-10 16:05:34.246175	10
59	zona 27	\N	27	2016-04-10 16:05:34.2545	2016-04-10 16:05:34.2545	10
60	zona 28	\N	28	2016-04-10 16:05:34.262881	2016-04-10 16:05:34.262881	10
61	zona 29	\N	29	2016-04-10 16:05:34.271323	2016-04-10 16:05:34.271323	10
62	zona 30	\N	30	2016-04-10 16:05:34.279665	2016-04-10 16:05:34.279665	10
63	zona 31	\N	31	2016-04-10 16:05:34.288002	2016-04-10 16:05:34.288002	10
64	zona 32	\N	32	2016-04-10 16:05:34.296352	2016-04-10 16:05:34.296352	10
65	zona 1	\N	1	2016-04-10 16:05:34.30489	2016-04-10 16:05:34.30489	2
66	zona 2	\N	2	2016-04-10 16:05:34.313014	2016-04-10 16:05:34.313014	2
67	zona 3	\N	3	2016-04-10 16:05:34.321335	2016-04-10 16:05:34.321335	2
68	zona 4	\N	4	2016-04-10 16:05:34.329709	2016-04-10 16:05:34.329709	2
69	zona 5	\N	5	2016-04-10 16:05:34.338009	2016-04-10 16:05:34.338009	2
70	zona 6	\N	6	2016-04-10 16:05:34.34589	2016-04-10 16:05:34.34589	2
71	zona 7	\N	7	2016-04-10 16:05:34.354287	2016-04-10 16:05:34.354287	2
72	zona 8	\N	8	2016-04-10 16:05:34.363116	2016-04-10 16:05:34.363116	2
73	zona 9	\N	9	2016-04-10 16:05:34.371438	2016-04-10 16:05:34.371438	2
74	zona 10	\N	10	2016-04-10 16:05:34.379754	2016-04-10 16:05:34.379754	2
75	zona 11	\N	11	2016-04-10 16:05:34.388097	2016-04-10 16:05:34.388097	2
76	zona 12	\N	12	2016-04-10 16:05:34.396424	2016-04-10 16:05:34.396424	2
77	zona 13	\N	13	2016-04-10 16:05:34.404732	2016-04-10 16:05:34.404732	2
78	zona 14	\N	14	2016-04-10 16:05:34.41311	2016-04-10 16:05:34.41311	2
79	zona 15	\N	15	2016-04-10 16:05:34.421436	2016-04-10 16:05:34.421436	2
80	zona 16	\N	16	2016-04-10 16:05:34.429781	2016-04-10 16:05:34.429781	2
81	zona 17	\N	17	2016-04-10 16:05:34.438077	2016-04-10 16:05:34.438077	2
82	zona 18	\N	18	2016-04-10 16:05:34.446434	2016-04-10 16:05:34.446434	2
83	zona 19	\N	19	2016-04-10 16:05:34.454768	2016-04-10 16:05:34.454768	2
84	zona 20	\N	20	2016-04-10 16:05:34.463101	2016-04-10 16:05:34.463101	2
85	zona 21	\N	21	2016-04-10 16:05:34.472058	2016-04-10 16:05:34.472058	2
86	zona 22	\N	22	2016-04-10 16:05:34.47977	2016-04-10 16:05:34.47977	2
87	zona 23	\N	23	2016-04-10 16:05:34.488127	2016-04-10 16:05:34.488127	2
88	zona 24	\N	24	2016-04-10 16:05:34.496506	2016-04-10 16:05:34.496506	2
89	zona 25	\N	25	2016-04-10 16:05:34.50482	2016-04-10 16:05:34.50482	2
90	zona 26	\N	26	2016-04-10 16:05:34.513178	2016-04-10 16:05:34.513178	2
91	zona 27	\N	27	2016-04-10 16:05:34.52154	2016-04-10 16:05:34.52154	2
92	zona 28	\N	28	2016-04-10 16:05:34.529839	2016-04-10 16:05:34.529839	2
93	zona 29	\N	29	2016-04-10 16:05:34.538385	2016-04-10 16:05:34.538385	2
94	zona 30	\N	30	2016-04-10 16:05:34.546523	2016-04-10 16:05:34.546523	2
95	zona 31	\N	31	2016-04-10 16:05:34.554862	2016-04-10 16:05:34.554862	2
96	zona 32	\N	32	2016-04-10 16:05:34.563206	2016-04-10 16:05:34.563206	2
97	zona 1	\N	1	2016-04-10 16:05:34.573447	2016-04-10 16:05:34.573447	3
98	zona 2	\N	2	2016-04-10 16:05:34.57953	2016-04-10 16:05:34.57953	3
99	zona 3	\N	3	2016-04-10 16:05:34.587709	2016-04-10 16:05:34.587709	3
100	zona 4	\N	4	2016-04-10 16:05:34.596096	2016-04-10 16:05:34.596096	3
101	zona 5	\N	5	2016-04-10 16:05:34.604407	2016-04-10 16:05:34.604407	3
102	zona 6	\N	6	2016-04-10 16:05:34.613199	2016-04-10 16:05:34.613199	3
103	zona 7	\N	7	2016-04-10 16:05:34.621589	2016-04-10 16:05:34.621589	3
104	zona 8	\N	8	2016-04-10 16:05:34.629857	2016-04-10 16:05:34.629857	3
105	zona 9	\N	9	2016-04-10 16:05:34.638181	2016-04-10 16:05:34.638181	3
106	zona 10	\N	10	2016-04-10 16:05:34.646443	2016-04-10 16:05:34.646443	3
107	zona 11	\N	11	2016-04-10 16:05:34.654877	2016-04-10 16:05:34.654877	3
108	zona 12	\N	12	2016-04-10 16:05:34.663156	2016-04-10 16:05:34.663156	3
109	zona 13	\N	13	2016-04-10 16:05:34.671533	2016-04-10 16:05:34.671533	3
110	zona 14	\N	14	2016-04-10 16:05:34.679822	2016-04-10 16:05:34.679822	3
111	zona 15	\N	15	2016-04-10 16:05:34.688195	2016-04-10 16:05:34.688195	3
112	zona 16	\N	16	2016-04-10 16:05:34.696707	2016-04-10 16:05:34.696707	3
113	zona 17	\N	17	2016-04-10 16:05:34.70478	2016-04-10 16:05:34.70478	3
114	zona 18	\N	18	2016-04-10 16:05:34.71312	2016-04-10 16:05:34.71312	3
115	zona 19	\N	19	2016-04-10 16:05:34.721466	2016-04-10 16:05:34.721466	3
116	zona 20	\N	20	2016-04-10 16:05:34.729801	2016-04-10 16:05:34.729801	3
117	zona 21	\N	21	2016-04-10 16:05:34.73814	2016-04-10 16:05:34.73814	3
118	zona 22	\N	22	2016-04-10 16:05:34.746488	2016-04-10 16:05:34.746488	3
119	zona 23	\N	23	2016-04-10 16:05:34.754824	2016-04-10 16:05:34.754824	3
120	zona 24	\N	24	2016-04-10 16:05:34.76316	2016-04-10 16:05:34.76316	3
121	zona 25	\N	25	2016-04-10 16:05:34.771548	2016-04-10 16:05:34.771548	3
122	zona 26	\N	26	2016-04-10 16:05:34.779913	2016-04-10 16:05:34.779913	3
123	zona 27	\N	27	2016-04-10 16:05:34.788607	2016-04-10 16:05:34.788607	3
124	zona 28	\N	28	2016-04-10 16:05:34.796671	2016-04-10 16:05:34.796671	3
125	zona 29	\N	29	2016-04-10 16:05:34.804864	2016-04-10 16:05:34.804864	3
126	zona 30	\N	30	2016-04-10 16:05:34.813209	2016-04-10 16:05:34.813209	3
127	zona 31	\N	31	2016-04-10 16:05:34.821543	2016-04-10 16:05:34.821543	3
128	zona 32	\N	32	2016-04-10 16:05:34.829919	2016-04-10 16:05:34.829919	3
129	zona 1	\N	1	2016-04-10 16:05:34.83844	2016-04-10 16:05:34.83844	4
130	zona 2	\N	2	2016-04-10 16:05:34.846563	2016-04-10 16:05:34.846563	4
131	zona 3	\N	3	2016-04-10 16:05:34.854897	2016-04-10 16:05:34.854897	4
132	zona 4	\N	4	2016-04-10 16:05:34.863225	2016-04-10 16:05:34.863225	4
133	zona 5	\N	5	2016-04-10 16:05:34.87159	2016-04-10 16:05:34.87159	4
134	zona 6	\N	6	2016-04-10 16:05:34.87992	2016-04-10 16:05:34.87992	4
135	zona 7	\N	7	2016-04-10 16:05:34.888242	2016-04-10 16:05:34.888242	4
136	zona 8	\N	8	2016-04-10 16:05:34.896618	2016-04-10 16:05:34.896618	4
137	zona 9	\N	9	2016-04-10 16:05:34.904987	2016-04-10 16:05:34.904987	4
138	zona 10	\N	10	2016-04-10 16:05:34.913345	2016-04-10 16:05:34.913345	4
139	zona 11	\N	11	2016-04-10 16:05:34.921739	2016-04-10 16:05:34.921739	4
140	zona 12	\N	12	2016-04-10 16:05:34.929989	2016-04-10 16:05:34.929989	4
141	zona 13	\N	13	2016-04-10 16:05:34.938457	2016-04-10 16:05:34.938457	4
142	zona 14	\N	14	2016-04-10 16:05:34.946703	2016-04-10 16:05:34.946703	4
143	zona 15	\N	15	2016-04-10 16:05:34.954987	2016-04-10 16:05:34.954987	4
144	zona 16	\N	16	2016-04-10 16:05:34.963333	2016-04-10 16:05:34.963333	4
145	zona 17	\N	17	2016-04-10 16:05:34.971773	2016-04-10 16:05:34.971773	4
146	zona 18	\N	18	2016-04-10 16:05:34.98006	2016-04-10 16:05:34.98006	4
147	zona 19	\N	19	2016-04-10 16:05:34.988543	2016-04-10 16:05:34.988543	4
148	zona 20	\N	20	2016-04-10 16:05:34.997151	2016-04-10 16:05:34.997151	4
149	zona 21	\N	21	2016-04-10 16:05:35.005157	2016-04-10 16:05:35.005157	4
150	zona 22	\N	22	2016-04-10 16:05:35.013507	2016-04-10 16:05:35.013507	4
151	zona 23	\N	23	2016-04-10 16:05:35.021846	2016-04-10 16:05:35.021846	4
152	zona 24	\N	24	2016-04-10 16:05:35.030154	2016-04-10 16:05:35.030154	4
153	zona 25	\N	25	2016-04-10 16:05:35.038547	2016-04-10 16:05:35.038547	4
154	zona 26	\N	26	2016-04-10 16:05:35.046918	2016-04-10 16:05:35.046918	4
155	zona 27	\N	27	2016-04-10 16:05:35.055247	2016-04-10 16:05:35.055247	4
156	zona 28	\N	28	2016-04-10 16:05:35.063582	2016-04-10 16:05:35.063582	4
157	zona 29	\N	29	2016-04-10 16:05:35.072015	2016-04-10 16:05:35.072015	4
158	zona 30	\N	30	2016-04-10 16:05:35.079862	2016-04-10 16:05:35.079862	4
159	zona 31	\N	31	2016-04-10 16:05:35.08858	2016-04-10 16:05:35.08858	4
160	zona 32	\N	32	2016-04-10 16:05:35.096877	2016-04-10 16:05:35.096877	4
161	zona 1	\N	1	2016-04-10 16:05:35.105409	2016-04-10 16:05:35.105409	5
162	zona 2	\N	2	2016-04-10 16:05:35.113609	2016-04-10 16:05:35.113609	5
163	zona 3	\N	3	2016-04-10 16:05:35.122058	2016-04-10 16:05:35.122058	5
164	zona 4	\N	4	2016-04-10 16:05:35.130225	2016-04-10 16:05:35.130225	5
165	zona 5	\N	5	2016-04-10 16:05:35.138567	2016-04-10 16:05:35.138567	5
166	zona 6	\N	6	2016-04-10 16:05:35.14685	2016-04-10 16:05:35.14685	5
167	zona 7	\N	7	2016-04-10 16:05:35.155288	2016-04-10 16:05:35.155288	5
168	zona 8	\N	8	2016-04-10 16:05:35.163555	2016-04-10 16:05:35.163555	5
169	zona 9	\N	9	2016-04-10 16:05:35.171932	2016-04-10 16:05:35.171932	5
170	zona 10	\N	10	2016-04-10 16:05:35.180322	2016-04-10 16:05:35.180322	5
171	zona 11	\N	11	2016-04-10 16:05:35.188657	2016-04-10 16:05:35.188657	5
172	zona 12	\N	12	2016-04-10 16:05:35.196973	2016-04-10 16:05:35.196973	5
173	zona 13	\N	13	2016-04-10 16:05:35.205364	2016-04-10 16:05:35.205364	5
174	zona 14	\N	14	2016-04-10 16:05:35.213705	2016-04-10 16:05:35.213705	5
175	zona 15	\N	15	2016-04-10 16:05:35.222042	2016-04-10 16:05:35.222042	5
176	zona 16	\N	16	2016-04-10 16:05:35.230318	2016-04-10 16:05:35.230318	5
177	zona 17	\N	17	2016-04-10 16:05:35.238658	2016-04-10 16:05:35.238658	5
178	zona 18	\N	18	2016-04-10 16:05:35.246984	2016-04-10 16:05:35.246984	5
179	zona 19	\N	19	2016-04-10 16:05:35.255298	2016-04-10 16:05:35.255298	5
180	zona 20	\N	20	2016-04-10 16:05:35.263655	2016-04-10 16:05:35.263655	5
181	zona 21	\N	21	2016-04-10 16:05:35.271973	2016-04-10 16:05:35.271973	5
182	zona 22	\N	22	2016-04-10 16:05:35.280334	2016-04-10 16:05:35.280334	5
183	zona 23	\N	23	2016-04-10 16:05:35.288218	2016-04-10 16:05:35.288218	5
184	zona 24	\N	24	2016-04-10 16:05:35.296983	2016-04-10 16:05:35.296983	5
185	zona 25	\N	25	2016-04-10 16:05:35.305302	2016-04-10 16:05:35.305302	5
186	zona 26	\N	26	2016-04-10 16:05:35.313672	2016-04-10 16:05:35.313672	5
187	zona 27	\N	27	2016-04-10 16:05:35.322064	2016-04-10 16:05:35.322064	5
188	zona 28	\N	28	2016-04-10 16:05:35.330408	2016-04-10 16:05:35.330408	5
189	zona 29	\N	29	2016-04-10 16:05:35.338735	2016-04-10 16:05:35.338735	5
190	zona 30	\N	30	2016-04-10 16:05:35.347106	2016-04-10 16:05:35.347106	5
191	zona 31	\N	31	2016-04-10 16:05:35.355055	2016-04-10 16:05:35.355055	5
192	zona 32	\N	32	2016-04-10 16:05:35.3638	2016-04-10 16:05:35.3638	5
193	zona 1	\N	1	2016-04-10 16:05:35.372292	2016-04-10 16:05:35.372292	6
194	zona 2	\N	2	2016-04-10 16:05:35.380433	2016-04-10 16:05:35.380433	6
195	zona 3	\N	3	2016-04-10 16:05:35.388727	2016-04-10 16:05:35.388727	6
196	zona 4	\N	4	2016-04-10 16:05:35.39708	2016-04-10 16:05:35.39708	6
197	zona 5	\N	5	2016-04-10 16:05:35.405405	2016-04-10 16:05:35.405405	6
198	zona 6	\N	6	2016-04-10 16:05:35.413756	2016-04-10 16:05:35.413756	6
199	zona 7	\N	7	2016-04-10 16:05:35.42164	2016-04-10 16:05:35.42164	6
200	zona 8	\N	8	2016-04-10 16:05:35.430424	2016-04-10 16:05:35.430424	6
201	zona 9	\N	9	2016-04-10 16:05:35.438744	2016-04-10 16:05:35.438744	6
202	zona 10	\N	10	2016-04-10 16:05:35.447092	2016-04-10 16:05:35.447092	6
203	zona 11	\N	11	2016-04-10 16:05:35.455533	2016-04-10 16:05:35.455533	6
204	zona 12	\N	12	2016-04-10 16:05:35.463851	2016-04-10 16:05:35.463851	6
205	zona 13	\N	13	2016-04-10 16:05:35.472188	2016-04-10 16:05:35.472188	6
206	zona 14	\N	14	2016-04-10 16:05:35.480518	2016-04-10 16:05:35.480518	6
207	zona 15	\N	15	2016-04-10 16:05:35.488844	2016-04-10 16:05:35.488844	6
208	zona 16	\N	16	2016-04-10 16:05:35.497178	2016-04-10 16:05:35.497178	6
209	zona 17	\N	17	2016-04-10 16:05:35.505542	2016-04-10 16:05:35.505542	6
210	zona 18	\N	18	2016-04-10 16:05:35.513842	2016-04-10 16:05:35.513842	6
211	zona 19	\N	19	2016-04-10 16:05:35.521736	2016-04-10 16:05:35.521736	6
212	zona 20	\N	20	2016-04-10 16:05:35.530514	2016-04-10 16:05:35.530514	6
213	zona 21	\N	21	2016-04-10 16:05:35.538868	2016-04-10 16:05:35.538868	6
214	zona 22	\N	22	2016-04-10 16:05:35.547178	2016-04-10 16:05:35.547178	6
215	zona 23	\N	23	2016-04-10 16:05:35.555082	2016-04-10 16:05:35.555082	6
216	zona 24	\N	24	2016-04-10 16:05:35.56386	2016-04-10 16:05:35.56386	6
217	zona 25	\N	25	2016-04-10 16:05:35.572192	2016-04-10 16:05:35.572192	6
218	zona 26	\N	26	2016-04-10 16:05:35.580484	2016-04-10 16:05:35.580484	6
219	zona 27	\N	27	2016-04-10 16:05:35.588856	2016-04-10 16:05:35.588856	6
220	zona 28	\N	28	2016-04-10 16:05:35.597282	2016-04-10 16:05:35.597282	6
221	zona 29	\N	29	2016-04-10 16:05:35.605585	2016-04-10 16:05:35.605585	6
222	zona 30	\N	30	2016-04-10 16:05:35.613475	2016-04-10 16:05:35.613475	6
223	zona 31	\N	31	2016-04-10 16:05:35.622249	2016-04-10 16:05:35.622249	6
224	zona 32	\N	32	2016-04-10 16:05:35.63062	2016-04-10 16:05:35.63062	6
225	zona 1	\N	1	2016-04-10 16:05:35.639133	2016-04-10 16:05:35.639133	7
226	zona 2	\N	2	2016-04-10 16:05:35.646843	2016-04-10 16:05:35.646843	7
227	zona 3	\N	3	2016-04-10 16:05:35.655737	2016-04-10 16:05:35.655737	7
228	zona 4	\N	4	2016-04-10 16:05:35.663936	2016-04-10 16:05:35.663936	7
229	zona 5	\N	5	2016-04-10 16:05:35.672252	2016-04-10 16:05:35.672252	7
230	zona 6	\N	6	2016-04-10 16:05:35.680617	2016-04-10 16:05:35.680617	7
231	zona 7	\N	7	2016-04-10 16:05:35.688472	2016-04-10 16:05:35.688472	7
232	zona 8	\N	8	2016-04-10 16:05:35.697362	2016-04-10 16:05:35.697362	7
233	zona 9	\N	9	2016-04-10 16:05:35.705598	2016-04-10 16:05:35.705598	7
234	zona 10	\N	10	2016-04-10 16:05:35.71394	2016-04-10 16:05:35.71394	7
235	zona 11	\N	11	2016-04-10 16:05:35.721819	2016-04-10 16:05:35.721819	7
236	zona 12	\N	12	2016-04-10 16:05:35.730713	2016-04-10 16:05:35.730713	7
237	zona 13	\N	13	2016-04-10 16:05:35.739029	2016-04-10 16:05:35.739029	7
238	zona 14	\N	14	2016-04-10 16:05:35.746905	2016-04-10 16:05:35.746905	7
239	zona 15	\N	15	2016-04-10 16:05:35.755682	2016-04-10 16:05:35.755682	7
240	zona 16	\N	16	2016-04-10 16:05:35.764035	2016-04-10 16:05:35.764035	7
241	zona 17	\N	17	2016-04-10 16:05:35.772387	2016-04-10 16:05:35.772387	7
242	zona 18	\N	18	2016-04-10 16:05:35.780699	2016-04-10 16:05:35.780699	7
243	zona 19	\N	19	2016-04-10 16:05:35.789018	2016-04-10 16:05:35.789018	7
244	zona 20	\N	20	2016-04-10 16:05:35.797371	2016-04-10 16:05:35.797371	7
245	zona 21	\N	21	2016-04-10 16:05:35.805696	2016-04-10 16:05:35.805696	7
246	zona 22	\N	22	2016-04-10 16:05:35.814036	2016-04-10 16:05:35.814036	7
247	zona 23	\N	23	2016-04-10 16:05:35.821938	2016-04-10 16:05:35.821938	7
248	zona 24	\N	24	2016-04-10 16:05:35.830698	2016-04-10 16:05:35.830698	7
249	zona 25	\N	25	2016-04-10 16:05:35.83907	2016-04-10 16:05:35.83907	7
250	zona 26	\N	26	2016-04-10 16:05:35.847362	2016-04-10 16:05:35.847362	7
251	zona 27	\N	27	2016-04-10 16:05:35.855704	2016-04-10 16:05:35.855704	7
252	zona 28	\N	28	2016-04-10 16:05:35.864047	2016-04-10 16:05:35.864047	7
253	zona 29	\N	29	2016-04-10 16:05:35.872035	2016-04-10 16:05:35.872035	7
254	zona 30	\N	30	2016-04-10 16:05:35.880752	2016-04-10 16:05:35.880752	7
255	zona 31	\N	31	2016-04-10 16:05:35.889167	2016-04-10 16:05:35.889167	7
256	zona 32	\N	32	2016-04-10 16:05:35.897474	2016-04-10 16:05:35.897474	7
257	zona 1	\N	1	2016-04-10 16:05:35.906018	2016-04-10 16:05:35.906018	8
258	zona 2	\N	2	2016-04-10 16:05:35.91415	2016-04-10 16:05:35.91415	8
259	zona 3	\N	3	2016-04-10 16:05:35.92246	2016-04-10 16:05:35.92246	8
260	zona 4	\N	4	2016-04-10 16:05:35.930788	2016-04-10 16:05:35.930788	8
261	zona 5	\N	5	2016-04-10 16:05:35.939217	2016-04-10 16:05:35.939217	8
262	zona 6	\N	6	2016-04-10 16:05:35.947505	2016-04-10 16:05:35.947505	8
263	zona 7	\N	7	2016-04-10 16:05:35.95535	2016-04-10 16:05:35.95535	8
264	zona 8	\N	8	2016-04-10 16:05:35.964138	2016-04-10 16:05:35.964138	8
265	zona 9	\N	9	2016-04-10 16:05:35.972506	2016-04-10 16:05:35.972506	8
266	zona 10	\N	10	2016-04-10 16:05:35.980819	2016-04-10 16:05:35.980819	8
267	zona 11	\N	11	2016-04-10 16:05:35.989119	2016-04-10 16:05:35.989119	8
268	zona 12	\N	12	2016-04-10 16:05:35.997033	2016-04-10 16:05:35.997033	8
269	zona 13	\N	13	2016-04-10 16:05:36.005942	2016-04-10 16:05:36.005942	8
270	zona 14	\N	14	2016-04-10 16:05:36.01421	2016-04-10 16:05:36.01421	8
271	zona 15	\N	15	2016-04-10 16:05:36.022567	2016-04-10 16:05:36.022567	8
272	zona 16	\N	16	2016-04-10 16:05:36.030914	2016-04-10 16:05:36.030914	8
273	zona 17	\N	17	2016-04-10 16:05:36.039084	2016-04-10 16:05:36.039084	8
274	zona 18	\N	18	2016-04-10 16:05:36.047426	2016-04-10 16:05:36.047426	8
275	zona 19	\N	19	2016-04-10 16:05:36.055784	2016-04-10 16:05:36.055784	8
276	zona 20	\N	20	2016-04-10 16:05:36.064087	2016-04-10 16:05:36.064087	8
277	zona 21	\N	21	2016-04-10 16:05:36.072384	2016-04-10 16:05:36.072384	8
278	zona 22	\N	22	2016-04-10 16:05:36.0808	2016-04-10 16:05:36.0808	8
279	zona 23	\N	23	2016-04-10 16:05:36.089117	2016-04-10 16:05:36.089117	8
280	zona 24	\N	24	2016-04-10 16:05:36.097005	2016-04-10 16:05:36.097005	8
281	zona 25	\N	25	2016-04-10 16:05:36.105273	2016-04-10 16:05:36.105273	8
282	zona 26	\N	26	2016-04-10 16:05:36.114093	2016-04-10 16:05:36.114093	8
283	zona 27	\N	27	2016-04-10 16:05:36.122397	2016-04-10 16:05:36.122397	8
284	zona 28	\N	28	2016-04-10 16:05:36.130829	2016-04-10 16:05:36.130829	8
285	zona 29	\N	29	2016-04-10 16:05:36.139127	2016-04-10 16:05:36.139127	8
286	zona 30	\N	30	2016-04-10 16:05:36.147159	2016-04-10 16:05:36.147159	8
287	zona 31	\N	31	2016-04-10 16:05:36.155914	2016-04-10 16:05:36.155914	8
288	zona 32	\N	32	2016-04-10 16:05:36.164143	2016-04-10 16:05:36.164143	8
289	zona 1	\N	1	2016-04-10 16:05:36.172809	2016-04-10 16:05:36.172809	9
290	zona 2	\N	2	2016-04-10 16:05:36.180926	2016-04-10 16:05:36.180926	9
291	zona 3	\N	3	2016-04-10 16:05:36.189198	2016-04-10 16:05:36.189198	9
292	zona 4	\N	4	2016-04-10 16:05:36.197529	2016-04-10 16:05:36.197529	9
293	zona 5	\N	5	2016-04-10 16:05:36.205853	2016-04-10 16:05:36.205853	9
294	zona 6	\N	6	2016-04-10 16:05:36.214153	2016-04-10 16:05:36.214153	9
295	zona 7	\N	7	2016-04-10 16:05:36.222467	2016-04-10 16:05:36.222467	9
296	zona 8	\N	8	2016-04-10 16:05:36.23088	2016-04-10 16:05:36.23088	9
297	zona 9	\N	9	2016-04-10 16:05:36.238855	2016-04-10 16:05:36.238855	9
298	zona 10	\N	10	2016-04-10 16:05:36.247523	2016-04-10 16:05:36.247523	9
299	zona 11	\N	11	2016-04-10 16:05:36.255832	2016-04-10 16:05:36.255832	9
300	zona 12	\N	12	2016-04-10 16:05:36.264178	2016-04-10 16:05:36.264178	9
301	zona 13	\N	13	2016-04-10 16:05:36.272543	2016-04-10 16:05:36.272543	9
302	zona 14	\N	14	2016-04-10 16:05:36.280919	2016-04-10 16:05:36.280919	9
303	zona 15	\N	15	2016-04-10 16:05:36.28927	2016-04-10 16:05:36.28927	9
304	zona 16	\N	16	2016-04-10 16:05:36.297562	2016-04-10 16:05:36.297562	9
305	zona 17	\N	17	2016-04-10 16:05:36.305897	2016-04-10 16:05:36.305897	9
306	zona 18	\N	18	2016-04-10 16:05:36.314233	2016-04-10 16:05:36.314233	9
307	zona 19	\N	19	2016-04-10 16:05:36.322637	2016-04-10 16:05:36.322637	9
308	zona 20	\N	20	2016-04-10 16:05:36.330924	2016-04-10 16:05:36.330924	9
309	zona 21	\N	21	2016-04-10 16:05:36.33925	2016-04-10 16:05:36.33925	9
310	zona 22	\N	22	2016-04-10 16:05:36.347562	2016-04-10 16:05:36.347562	9
311	zona 23	\N	23	2016-04-10 16:05:36.355921	2016-04-10 16:05:36.355921	9
312	zona 24	\N	24	2016-04-10 16:05:36.364241	2016-04-10 16:05:36.364241	9
313	zona 25	\N	25	2016-04-10 16:05:36.372607	2016-04-10 16:05:36.372607	9
314	zona 26	\N	26	2016-04-10 16:05:36.3805	2016-04-10 16:05:36.3805	9
315	zona 27	\N	27	2016-04-10 16:05:36.389277	2016-04-10 16:05:36.389277	9
316	zona 28	\N	28	2016-04-10 16:05:36.39716	2016-04-10 16:05:36.39716	9
317	zona 29	\N	29	2016-04-10 16:05:36.405939	2016-04-10 16:05:36.405939	9
318	zona 30	\N	30	2016-04-10 16:05:36.414254	2016-04-10 16:05:36.414254	9
319	zona 31	\N	31	2016-04-10 16:05:36.422743	2016-04-10 16:05:36.422743	9
320	zona 32	\N	32	2016-04-10 16:05:36.43106	2016-04-10 16:05:36.43106	9
\.


--
-- Name: areas_id_seq; Type: SEQUENCE SET; Schema: public; Owner: postgres
--

SELECT pg_catalog.setval('areas_id_seq', 320, true);


--
-- Data for Name: cities; Type: TABLE DATA; Schema: public; Owner: postgres
--

COPY cities (id, name, created_at, updated_at) FROM stdin;
1	city n.1	2016-04-10 16:05:26.756835	2016-04-10 16:05:26.756835
2	city n.2	2016-04-10 16:05:26.760973	2016-04-10 16:05:26.760973
3	city n.3	2016-04-10 16:05:26.76931	2016-04-10 16:05:26.76931
4	city n.4	2016-04-10 16:05:26.777613	2016-04-10 16:05:26.777613
5	city n.5	2016-04-10 16:05:26.785956	2016-04-10 16:05:26.785956
6	city n.6	2016-04-10 16:05:26.794379	2016-04-10 16:05:26.794379
7	city n.7	2016-04-10 16:05:26.802712	2016-04-10 16:05:26.802712
8	city n.8	2016-04-10 16:05:26.811072	2016-04-10 16:05:26.811072
9	city n.9	2016-04-10 16:05:26.819399	2016-04-10 16:05:26.819399
10	city n.10	2016-04-10 16:05:26.827713	2016-04-10 16:05:26.827713
\.


--
-- Name: cities_id_seq; Type: SEQUENCE SET; Schema: public; Owner: postgres
--

SELECT pg_catalog.setval('cities_id_seq', 10, true);


--
-- Data for Name: comments; Type: TABLE DATA; Schema: public; Owner: postgres
--

COPY comments (id, content, user_id, area_id, created_at, updated_at) FROM stdin;
1	Quae similique voluptates non et.	1	1	2016-04-10 16:05:36.446304	2016-04-10 16:05:36.446304
2	Quae similique voluptates non et.	2	1	2016-04-10 16:05:36.456389	2016-04-10 16:05:36.456389
3	Quae similique voluptates non et.	3	1	2016-04-10 16:05:36.464721	2016-04-10 16:05:36.464721
4	Quae similique voluptates non et.	4	1	2016-04-10 16:05:36.473046	2016-04-10 16:05:36.473046
5	Quae similique voluptates non et.	5	1	2016-04-10 16:05:36.480852	2016-04-10 16:05:36.480852
6	Quae similique voluptates non et.	6	1	2016-04-10 16:05:36.489666	2016-04-10 16:05:36.489666
7	Rerum officia aut soluta nesciunt inventore.	1	2	2016-04-10 16:05:36.497918	2016-04-10 16:05:36.497918
8	Rerum officia aut soluta nesciunt inventore.	2	2	2016-04-10 16:05:36.505697	2016-04-10 16:05:36.505697
9	Rerum officia aut soluta nesciunt inventore.	3	2	2016-04-10 16:05:36.514505	2016-04-10 16:05:36.514505
10	Rerum officia aut soluta nesciunt inventore.	4	2	2016-04-10 16:05:36.522833	2016-04-10 16:05:36.522833
11	Rerum officia aut soluta nesciunt inventore.	5	2	2016-04-10 16:05:36.53119	2016-04-10 16:05:36.53119
12	Rerum officia aut soluta nesciunt inventore.	6	2	2016-04-10 16:05:36.539559	2016-04-10 16:05:36.539559
13	Placeat rerum reprehenderit molestias non eos dolores quo consequatur sed.	1	3	2016-04-10 16:05:36.547975	2016-04-10 16:05:36.547975
14	Placeat rerum reprehenderit molestias non eos dolores quo consequatur sed.	2	3	2016-04-10 16:05:36.55635	2016-04-10 16:05:36.55635
15	Placeat rerum reprehenderit molestias non eos dolores quo consequatur sed.	3	3	2016-04-10 16:05:36.564553	2016-04-10 16:05:36.564553
16	Placeat rerum reprehenderit molestias non eos dolores quo consequatur sed.	4	3	2016-04-10 16:05:36.572942	2016-04-10 16:05:36.572942
17	Placeat rerum reprehenderit molestias non eos dolores quo consequatur sed.	5	3	2016-04-10 16:05:36.581279	2016-04-10 16:05:36.581279
18	Placeat rerum reprehenderit molestias non eos dolores quo consequatur sed.	6	3	2016-04-10 16:05:36.589538	2016-04-10 16:05:36.589538
19	Quos ratione consequatur provident autem sunt non est voluptatem.	1	4	2016-04-10 16:05:36.597952	2016-04-10 16:05:36.597952
20	Quos ratione consequatur provident autem sunt non est voluptatem.	2	4	2016-04-10 16:05:36.605799	2016-04-10 16:05:36.605799
21	Quos ratione consequatur provident autem sunt non est voluptatem.	3	4	2016-04-10 16:05:36.614113	2016-04-10 16:05:36.614113
22	Quos ratione consequatur provident autem sunt non est voluptatem.	4	4	2016-04-10 16:05:36.622914	2016-04-10 16:05:36.622914
23	Quos ratione consequatur provident autem sunt non est voluptatem.	5	4	2016-04-10 16:05:36.631308	2016-04-10 16:05:36.631308
24	Quos ratione consequatur provident autem sunt non est voluptatem.	6	4	2016-04-10 16:05:36.63962	2016-04-10 16:05:36.63962
25	Veritatis qui enim rerum animi voluptas nulla dolores.	1	5	2016-04-10 16:05:36.647785	2016-04-10 16:05:36.647785
26	Veritatis qui enim rerum animi voluptas nulla dolores.	2	5	2016-04-10 16:05:36.656394	2016-04-10 16:05:36.656394
27	Veritatis qui enim rerum animi voluptas nulla dolores.	3	5	2016-04-10 16:05:36.664796	2016-04-10 16:05:36.664796
28	Veritatis qui enim rerum animi voluptas nulla dolores.	4	5	2016-04-10 16:05:36.673029	2016-04-10 16:05:36.673029
29	Veritatis qui enim rerum animi voluptas nulla dolores.	5	5	2016-04-10 16:05:36.68143	2016-04-10 16:05:36.68143
30	Veritatis qui enim rerum animi voluptas nulla dolores.	6	5	2016-04-10 16:05:36.714554	2016-04-10 16:05:36.714554
31	Placeat eum quibusdam rerum sed.	1	6	2016-04-10 16:05:36.723099	2016-04-10 16:05:36.723099
32	Placeat eum quibusdam rerum sed.	2	6	2016-04-10 16:05:36.731384	2016-04-10 16:05:36.731384
33	Placeat eum quibusdam rerum sed.	3	6	2016-04-10 16:05:36.739717	2016-04-10 16:05:36.739717
34	Placeat eum quibusdam rerum sed.	4	6	2016-04-10 16:05:36.748045	2016-04-10 16:05:36.748045
35	Placeat eum quibusdam rerum sed.	5	6	2016-04-10 16:05:36.756377	2016-04-10 16:05:36.756377
36	Placeat eum quibusdam rerum sed.	6	6	2016-04-10 16:05:36.76468	2016-04-10 16:05:36.76468
37	Quaerat voluptate expedita non nostrum.	1	7	2016-04-10 16:05:36.773085	2016-04-10 16:05:36.773085
38	Quaerat voluptate expedita non nostrum.	2	7	2016-04-10 16:05:36.781453	2016-04-10 16:05:36.781453
39	Quaerat voluptate expedita non nostrum.	3	7	2016-04-10 16:05:36.789757	2016-04-10 16:05:36.789757
40	Quaerat voluptate expedita non nostrum.	4	7	2016-04-10 16:05:36.798094	2016-04-10 16:05:36.798094
41	Quaerat voluptate expedita non nostrum.	5	7	2016-04-10 16:05:36.806378	2016-04-10 16:05:36.806378
42	Quaerat voluptate expedita non nostrum.	6	7	2016-04-10 16:05:36.814762	2016-04-10 16:05:36.814762
43	Quia quis distinctio in sunt in neque odit qui dolorem.	1	8	2016-04-10 16:05:36.823158	2016-04-10 16:05:36.823158
44	Quia quis distinctio in sunt in neque odit qui dolorem.	2	8	2016-04-10 16:05:36.831447	2016-04-10 16:05:36.831447
45	Quia quis distinctio in sunt in neque odit qui dolorem.	3	8	2016-04-10 16:05:36.839859	2016-04-10 16:05:36.839859
46	Quia quis distinctio in sunt in neque odit qui dolorem.	4	8	2016-04-10 16:05:36.848105	2016-04-10 16:05:36.848105
47	Quia quis distinctio in sunt in neque odit qui dolorem.	5	8	2016-04-10 16:05:36.856465	2016-04-10 16:05:36.856465
48	Quia quis distinctio in sunt in neque odit qui dolorem.	6	8	2016-04-10 16:05:36.864797	2016-04-10 16:05:36.864797
49	Recusandae rem quibusdam sapiente quo et officiis accusamus.	1	9	2016-04-10 16:05:36.880479	2016-04-10 16:05:36.880479
50	Recusandae rem quibusdam sapiente quo et officiis accusamus.	2	9	2016-04-10 16:05:36.889795	2016-04-10 16:05:36.889795
51	Recusandae rem quibusdam sapiente quo et officiis accusamus.	3	9	2016-04-10 16:05:36.898098	2016-04-10 16:05:36.898098
52	Recusandae rem quibusdam sapiente quo et officiis accusamus.	4	9	2016-04-10 16:05:36.906589	2016-04-10 16:05:36.906589
53	Recusandae rem quibusdam sapiente quo et officiis accusamus.	5	9	2016-04-10 16:05:36.914976	2016-04-10 16:05:36.914976
54	Recusandae rem quibusdam sapiente quo et officiis accusamus.	6	9	2016-04-10 16:05:36.923594	2016-04-10 16:05:36.923594
55	Sed sit earum quia harum eum.	1	10	2016-04-10 16:05:36.931792	2016-04-10 16:05:36.931792
56	Sed sit earum quia harum eum.	2	10	2016-04-10 16:05:36.940094	2016-04-10 16:05:36.940094
57	Sed sit earum quia harum eum.	3	10	2016-04-10 16:05:36.948386	2016-04-10 16:05:36.948386
58	Sed sit earum quia harum eum.	4	10	2016-04-10 16:05:36.956734	2016-04-10 16:05:36.956734
59	Sed sit earum quia harum eum.	5	10	2016-04-10 16:05:36.965043	2016-04-10 16:05:36.965043
60	Sed sit earum quia harum eum.	6	10	2016-04-10 16:05:36.973371	2016-04-10 16:05:36.973371
61	Maxime et et labore aut qui est veritatis.	1	11	2016-04-10 16:05:36.981814	2016-04-10 16:05:36.981814
62	Maxime et et labore aut qui est veritatis.	2	11	2016-04-10 16:05:36.990197	2016-04-10 16:05:36.990197
63	Maxime et et labore aut qui est veritatis.	3	11	2016-04-10 16:05:36.998322	2016-04-10 16:05:36.998322
64	Maxime et et labore aut qui est veritatis.	4	11	2016-04-10 16:05:37.006844	2016-04-10 16:05:37.006844
65	Maxime et et labore aut qui est veritatis.	5	11	2016-04-10 16:05:37.01511	2016-04-10 16:05:37.01511
66	Maxime et et labore aut qui est veritatis.	6	11	2016-04-10 16:05:37.023742	2016-04-10 16:05:37.023742
67	Quas ab sint qui harum suscipit nostrum impedit minima.	1	12	2016-04-10 16:05:37.031869	2016-04-10 16:05:37.031869
68	Quas ab sint qui harum suscipit nostrum impedit minima.	2	12	2016-04-10 16:05:37.040144	2016-04-10 16:05:37.040144
69	Quas ab sint qui harum suscipit nostrum impedit minima.	3	12	2016-04-10 16:05:37.048464	2016-04-10 16:05:37.048464
70	Quas ab sint qui harum suscipit nostrum impedit minima.	4	12	2016-04-10 16:05:37.056792	2016-04-10 16:05:37.056792
71	Quas ab sint qui harum suscipit nostrum impedit minima.	5	12	2016-04-10 16:05:37.065123	2016-04-10 16:05:37.065123
72	Quas ab sint qui harum suscipit nostrum impedit minima.	6	12	2016-04-10 16:05:37.073489	2016-04-10 16:05:37.073489
73	Est aut ipsa dolore et sit et.	1	13	2016-04-10 16:05:37.081912	2016-04-10 16:05:37.081912
74	Est aut ipsa dolore et sit et.	2	13	2016-04-10 16:05:37.090088	2016-04-10 16:05:37.090088
75	Est aut ipsa dolore et sit et.	3	13	2016-04-10 16:05:37.098441	2016-04-10 16:05:37.098441
76	Est aut ipsa dolore et sit et.	4	13	2016-04-10 16:05:37.106771	2016-04-10 16:05:37.106771
77	Est aut ipsa dolore et sit et.	5	13	2016-04-10 16:05:37.115134	2016-04-10 16:05:37.115134
78	Est aut ipsa dolore et sit et.	6	13	2016-04-10 16:05:37.140244	2016-04-10 16:05:37.140244
79	Enim molestias ut ipsa architecto.	1	14	2016-04-10 16:05:37.148685	2016-04-10 16:05:37.148685
80	Enim molestias ut ipsa architecto.	2	14	2016-04-10 16:05:37.156883	2016-04-10 16:05:37.156883
81	Enim molestias ut ipsa architecto.	3	14	2016-04-10 16:05:37.165261	2016-04-10 16:05:37.165261
82	Enim molestias ut ipsa architecto.	4	14	2016-04-10 16:05:37.173554	2016-04-10 16:05:37.173554
83	Enim molestias ut ipsa architecto.	5	14	2016-04-10 16:05:37.1819	2016-04-10 16:05:37.1819
84	Enim molestias ut ipsa architecto.	6	14	2016-04-10 16:05:37.19023	2016-04-10 16:05:37.19023
85	Natus dolore quis non odit delectus omnis officiis.	1	15	2016-04-10 16:05:37.198618	2016-04-10 16:05:37.198618
86	Natus dolore quis non odit delectus omnis officiis.	2	15	2016-04-10 16:05:37.206894	2016-04-10 16:05:37.206894
87	Natus dolore quis non odit delectus omnis officiis.	3	15	2016-04-10 16:05:37.215169	2016-04-10 16:05:37.215169
88	Natus dolore quis non odit delectus omnis officiis.	4	15	2016-04-10 16:05:37.223601	2016-04-10 16:05:37.223601
89	Natus dolore quis non odit delectus omnis officiis.	5	15	2016-04-10 16:05:37.231933	2016-04-10 16:05:37.231933
90	Natus dolore quis non odit delectus omnis officiis.	6	15	2016-04-10 16:05:37.240221	2016-04-10 16:05:37.240221
91	Iusto libero quaerat occaecati odit quas autem.	1	16	2016-04-10 16:05:37.248759	2016-04-10 16:05:37.248759
92	Iusto libero quaerat occaecati odit quas autem.	2	16	2016-04-10 16:05:37.256933	2016-04-10 16:05:37.256933
93	Iusto libero quaerat occaecati odit quas autem.	3	16	2016-04-10 16:05:37.265279	2016-04-10 16:05:37.265279
94	Iusto libero quaerat occaecati odit quas autem.	4	16	2016-04-10 16:05:37.273687	2016-04-10 16:05:37.273687
95	Iusto libero quaerat occaecati odit quas autem.	5	16	2016-04-10 16:05:37.282016	2016-04-10 16:05:37.282016
96	Iusto libero quaerat occaecati odit quas autem.	6	16	2016-04-10 16:05:37.290273	2016-04-10 16:05:37.290273
97	Et consequatur quaerat ratione est accusamus placeat molestiae atque.	1	17	2016-04-10 16:05:37.298734	2016-04-10 16:05:37.298734
98	Et consequatur quaerat ratione est accusamus placeat molestiae atque.	2	17	2016-04-10 16:05:37.306979	2016-04-10 16:05:37.306979
99	Et consequatur quaerat ratione est accusamus placeat molestiae atque.	3	17	2016-04-10 16:05:37.315322	2016-04-10 16:05:37.315322
100	Et consequatur quaerat ratione est accusamus placeat molestiae atque.	4	17	2016-04-10 16:05:37.323639	2016-04-10 16:05:37.323639
101	Et consequatur quaerat ratione est accusamus placeat molestiae atque.	5	17	2016-04-10 16:05:37.331994	2016-04-10 16:05:37.331994
102	Et consequatur quaerat ratione est accusamus placeat molestiae atque.	6	17	2016-04-10 16:05:37.340334	2016-04-10 16:05:37.340334
103	Commodi fugiat quas magni et sapiente.	1	18	2016-04-10 16:05:37.3487	2016-04-10 16:05:37.3487
104	Commodi fugiat quas magni et sapiente.	2	18	2016-04-10 16:05:37.357058	2016-04-10 16:05:37.357058
105	Commodi fugiat quas magni et sapiente.	3	18	2016-04-10 16:05:37.365425	2016-04-10 16:05:37.365425
106	Commodi fugiat quas magni et sapiente.	4	18	2016-04-10 16:05:37.373774	2016-04-10 16:05:37.373774
107	Commodi fugiat quas magni et sapiente.	5	18	2016-04-10 16:05:37.382054	2016-04-10 16:05:37.382054
108	Commodi fugiat quas magni et sapiente.	6	18	2016-04-10 16:05:37.390389	2016-04-10 16:05:37.390389
109	Ducimus quas veniam harum labore a dolores qui.	1	19	2016-04-10 16:05:37.398282	2016-04-10 16:05:37.398282
110	Ducimus quas veniam harum labore a dolores qui.	2	19	2016-04-10 16:05:37.407125	2016-04-10 16:05:37.407125
111	Ducimus quas veniam harum labore a dolores qui.	3	19	2016-04-10 16:05:37.415379	2016-04-10 16:05:37.415379
112	Ducimus quas veniam harum labore a dolores qui.	4	19	2016-04-10 16:05:37.423733	2016-04-10 16:05:37.423733
113	Ducimus quas veniam harum labore a dolores qui.	5	19	2016-04-10 16:05:37.432085	2016-04-10 16:05:37.432085
114	Ducimus quas veniam harum labore a dolores qui.	6	19	2016-04-10 16:05:37.440396	2016-04-10 16:05:37.440396
115	Consequatur quis et omnis sed eos ipsa.	1	20	2016-04-10 16:05:37.448788	2016-04-10 16:05:37.448788
116	Consequatur quis et omnis sed eos ipsa.	2	20	2016-04-10 16:05:37.457091	2016-04-10 16:05:37.457091
117	Consequatur quis et omnis sed eos ipsa.	3	20	2016-04-10 16:05:37.465559	2016-04-10 16:05:37.465559
118	Consequatur quis et omnis sed eos ipsa.	4	20	2016-04-10 16:05:37.47382	2016-04-10 16:05:37.47382
119	Consequatur quis et omnis sed eos ipsa.	5	20	2016-04-10 16:05:37.482156	2016-04-10 16:05:37.482156
120	Consequatur quis et omnis sed eos ipsa.	6	20	2016-04-10 16:05:37.490549	2016-04-10 16:05:37.490549
121	Sed deserunt suscipit voluptatum eum ducimus repudiandae.	1	21	2016-04-10 16:05:37.498898	2016-04-10 16:05:37.498898
122	Sed deserunt suscipit voluptatum eum ducimus repudiandae.	2	21	2016-04-10 16:05:37.506632	2016-04-10 16:05:37.506632
123	Sed deserunt suscipit voluptatum eum ducimus repudiandae.	3	21	2016-04-10 16:05:37.515525	2016-04-10 16:05:37.515525
124	Sed deserunt suscipit voluptatum eum ducimus repudiandae.	4	21	2016-04-10 16:05:37.523838	2016-04-10 16:05:37.523838
125	Sed deserunt suscipit voluptatum eum ducimus repudiandae.	5	21	2016-04-10 16:05:37.532157	2016-04-10 16:05:37.532157
126	Sed deserunt suscipit voluptatum eum ducimus repudiandae.	6	21	2016-04-10 16:05:37.5405	2016-04-10 16:05:37.5405
127	Quis quaerat vitae dolor id.	1	22	2016-04-10 16:05:37.548799	2016-04-10 16:05:37.548799
128	Quis quaerat vitae dolor id.	2	22	2016-04-10 16:05:37.557162	2016-04-10 16:05:37.557162
129	Quis quaerat vitae dolor id.	3	22	2016-04-10 16:05:37.565486	2016-04-10 16:05:37.565486
130	Quis quaerat vitae dolor id.	4	22	2016-04-10 16:05:37.573862	2016-04-10 16:05:37.573862
131	Quis quaerat vitae dolor id.	5	22	2016-04-10 16:05:37.582249	2016-04-10 16:05:37.582249
132	Quis quaerat vitae dolor id.	6	22	2016-04-10 16:05:37.590193	2016-04-10 16:05:37.590193
133	Assumenda laboriosam dolores recusandae magni unde consectetur eius voluptatem.	1	23	2016-04-10 16:05:37.598975	2016-04-10 16:05:37.598975
134	Assumenda laboriosam dolores recusandae magni unde consectetur eius voluptatem.	2	23	2016-04-10 16:05:37.607306	2016-04-10 16:05:37.607306
135	Assumenda laboriosam dolores recusandae magni unde consectetur eius voluptatem.	3	23	2016-04-10 16:05:37.615589	2016-04-10 16:05:37.615589
136	Assumenda laboriosam dolores recusandae magni unde consectetur eius voluptatem.	4	23	2016-04-10 16:05:37.623953	2016-04-10 16:05:37.623953
137	Assumenda laboriosam dolores recusandae magni unde consectetur eius voluptatem.	5	23	2016-04-10 16:05:37.632262	2016-04-10 16:05:37.632262
138	Assumenda laboriosam dolores recusandae magni unde consectetur eius voluptatem.	6	23	2016-04-10 16:05:37.640585	2016-04-10 16:05:37.640585
139	Reprehenderit eos modi et vitae quod sequi sint soluta rerum.	1	24	2016-04-10 16:05:37.649072	2016-04-10 16:05:37.649072
140	Reprehenderit eos modi et vitae quod sequi sint soluta rerum.	2	24	2016-04-10 16:05:37.657271	2016-04-10 16:05:37.657271
141	Reprehenderit eos modi et vitae quod sequi sint soluta rerum.	3	24	2016-04-10 16:05:37.665624	2016-04-10 16:05:37.665624
142	Reprehenderit eos modi et vitae quod sequi sint soluta rerum.	4	24	2016-04-10 16:05:37.673885	2016-04-10 16:05:37.673885
143	Reprehenderit eos modi et vitae quod sequi sint soluta rerum.	5	24	2016-04-10 16:05:37.682337	2016-04-10 16:05:37.682337
144	Reprehenderit eos modi et vitae quod sequi sint soluta rerum.	6	24	2016-04-10 16:05:37.690674	2016-04-10 16:05:37.690674
145	Itaque quis dolor voluptatem voluptas et labore tempore.	1	25	2016-04-10 16:05:37.699062	2016-04-10 16:05:37.699062
146	Itaque quis dolor voluptatem voluptas et labore tempore.	2	25	2016-04-10 16:05:37.707408	2016-04-10 16:05:37.707408
147	Itaque quis dolor voluptatem voluptas et labore tempore.	3	25	2016-04-10 16:05:37.715695	2016-04-10 16:05:37.715695
148	Itaque quis dolor voluptatem voluptas et labore tempore.	4	25	2016-04-10 16:05:37.724038	2016-04-10 16:05:37.724038
223	Rerum aspernatur possimus ad et.	1	38	2016-04-10 16:05:38.366296	2016-04-10 16:05:38.366296
149	Itaque quis dolor voluptatem voluptas et labore tempore.	5	25	2016-04-10 16:05:37.73243	2016-04-10 16:05:37.73243
150	Itaque quis dolor voluptatem voluptas et labore tempore.	6	25	2016-04-10 16:05:37.740186	2016-04-10 16:05:37.740186
151	Quia pariatur dolores tenetur et sit consequatur.	1	26	2016-04-10 16:05:37.749088	2016-04-10 16:05:37.749088
152	Quia pariatur dolores tenetur et sit consequatur.	2	26	2016-04-10 16:05:37.757367	2016-04-10 16:05:37.757367
153	Quia pariatur dolores tenetur et sit consequatur.	3	26	2016-04-10 16:05:37.765681	2016-04-10 16:05:37.765681
154	Quia pariatur dolores tenetur et sit consequatur.	4	26	2016-04-10 16:05:37.773984	2016-04-10 16:05:37.773984
155	Quia pariatur dolores tenetur et sit consequatur.	5	26	2016-04-10 16:05:37.78237	2016-04-10 16:05:37.78237
156	Quia pariatur dolores tenetur et sit consequatur.	6	26	2016-04-10 16:05:37.790263	2016-04-10 16:05:37.790263
157	Dolores maxime officia hic adipisci et minima voluptatem.	1	27	2016-04-10 16:05:37.799147	2016-04-10 16:05:37.799147
158	Dolores maxime officia hic adipisci et minima voluptatem.	2	27	2016-04-10 16:05:37.807479	2016-04-10 16:05:37.807479
159	Dolores maxime officia hic adipisci et minima voluptatem.	3	27	2016-04-10 16:05:37.815759	2016-04-10 16:05:37.815759
160	Dolores maxime officia hic adipisci et minima voluptatem.	4	27	2016-04-10 16:05:37.823602	2016-04-10 16:05:37.823602
161	Dolores maxime officia hic adipisci et minima voluptatem.	5	27	2016-04-10 16:05:37.83246	2016-04-10 16:05:37.83246
162	Dolores maxime officia hic adipisci et minima voluptatem.	6	27	2016-04-10 16:05:37.840803	2016-04-10 16:05:37.840803
163	Facere et labore veritatis culpa.	1	28	2016-04-10 16:05:37.849135	2016-04-10 16:05:37.849135
164	Facere et labore veritatis culpa.	2	28	2016-04-10 16:05:37.857381	2016-04-10 16:05:37.857381
165	Facere et labore veritatis culpa.	3	28	2016-04-10 16:05:37.874543	2016-04-10 16:05:37.874543
166	Facere et labore veritatis culpa.	4	28	2016-04-10 16:05:37.890756	2016-04-10 16:05:37.890756
167	Facere et labore veritatis culpa.	5	28	2016-04-10 16:05:37.899124	2016-04-10 16:05:37.899124
168	Facere et labore veritatis culpa.	6	28	2016-04-10 16:05:37.907511	2016-04-10 16:05:37.907511
169	Qui in nulla tempora eligendi distinctio nihil enim.	1	29	2016-04-10 16:05:37.915919	2016-04-10 16:05:37.915919
170	Qui in nulla tempora eligendi distinctio nihil enim.	2	29	2016-04-10 16:05:37.924189	2016-04-10 16:05:37.924189
171	Qui in nulla tempora eligendi distinctio nihil enim.	3	29	2016-04-10 16:05:37.932543	2016-04-10 16:05:37.932543
172	Qui in nulla tempora eligendi distinctio nihil enim.	4	29	2016-04-10 16:05:37.940886	2016-04-10 16:05:37.940886
173	Qui in nulla tempora eligendi distinctio nihil enim.	5	29	2016-04-10 16:05:37.949279	2016-04-10 16:05:37.949279
174	Qui in nulla tempora eligendi distinctio nihil enim.	6	29	2016-04-10 16:05:37.957508	2016-04-10 16:05:37.957508
175	Est dolorum in aut aut autem.	1	30	2016-04-10 16:05:37.965398	2016-04-10 16:05:37.965398
176	Est dolorum in aut aut autem.	2	30	2016-04-10 16:05:37.974219	2016-04-10 16:05:37.974219
177	Est dolorum in aut aut autem.	3	30	2016-04-10 16:05:37.98253	2016-04-10 16:05:37.98253
178	Est dolorum in aut aut autem.	4	30	2016-04-10 16:05:37.990907	2016-04-10 16:05:37.990907
179	Est dolorum in aut aut autem.	5	30	2016-04-10 16:05:37.999283	2016-04-10 16:05:37.999283
180	Est dolorum in aut aut autem.	6	30	2016-04-10 16:05:38.007565	2016-04-10 16:05:38.007565
181	Numquam accusantium voluptatibus asperiores itaque nesciunt.	1	31	2016-04-10 16:05:38.015955	2016-04-10 16:05:38.015955
182	Numquam accusantium voluptatibus asperiores itaque nesciunt.	2	31	2016-04-10 16:05:38.024225	2016-04-10 16:05:38.024225
183	Numquam accusantium voluptatibus asperiores itaque nesciunt.	3	31	2016-04-10 16:05:38.032693	2016-04-10 16:05:38.032693
184	Numquam accusantium voluptatibus asperiores itaque nesciunt.	4	31	2016-04-10 16:05:38.041003	2016-04-10 16:05:38.041003
185	Numquam accusantium voluptatibus asperiores itaque nesciunt.	5	31	2016-04-10 16:05:38.049331	2016-04-10 16:05:38.049331
186	Numquam accusantium voluptatibus asperiores itaque nesciunt.	6	31	2016-04-10 16:05:38.057634	2016-04-10 16:05:38.057634
187	Sit in consequatur quas repellat fuga rerum.	1	32	2016-04-10 16:05:38.066057	2016-04-10 16:05:38.066057
188	Sit in consequatur quas repellat fuga rerum.	2	32	2016-04-10 16:05:38.074334	2016-04-10 16:05:38.074334
189	Sit in consequatur quas repellat fuga rerum.	3	32	2016-04-10 16:05:38.082673	2016-04-10 16:05:38.082673
190	Sit in consequatur quas repellat fuga rerum.	4	32	2016-04-10 16:05:38.091055	2016-04-10 16:05:38.091055
191	Sit in consequatur quas repellat fuga rerum.	5	32	2016-04-10 16:05:38.099276	2016-04-10 16:05:38.099276
192	Sit in consequatur quas repellat fuga rerum.	6	32	2016-04-10 16:05:38.107611	2016-04-10 16:05:38.107611
193	Dolores consequatur qui sunt id et aut.	1	33	2016-04-10 16:05:38.116054	2016-04-10 16:05:38.116054
194	Dolores consequatur qui sunt id et aut.	2	33	2016-04-10 16:05:38.124322	2016-04-10 16:05:38.124322
195	Dolores consequatur qui sunt id et aut.	3	33	2016-04-10 16:05:38.132595	2016-04-10 16:05:38.132595
196	Dolores consequatur qui sunt id et aut.	4	33	2016-04-10 16:05:38.14104	2016-04-10 16:05:38.14104
197	Dolores consequatur qui sunt id et aut.	5	33	2016-04-10 16:05:38.149482	2016-04-10 16:05:38.149482
198	Dolores consequatur qui sunt id et aut.	6	33	2016-04-10 16:05:38.157762	2016-04-10 16:05:38.157762
199	Temporibus deleniti consequatur autem et repellendus.	1	34	2016-04-10 16:05:38.166139	2016-04-10 16:05:38.166139
200	Temporibus deleniti consequatur autem et repellendus.	2	34	2016-04-10 16:05:38.174439	2016-04-10 16:05:38.174439
201	Temporibus deleniti consequatur autem et repellendus.	3	34	2016-04-10 16:05:38.182731	2016-04-10 16:05:38.182731
202	Temporibus deleniti consequatur autem et repellendus.	4	34	2016-04-10 16:05:38.191044	2016-04-10 16:05:38.191044
203	Temporibus deleniti consequatur autem et repellendus.	5	34	2016-04-10 16:05:38.199357	2016-04-10 16:05:38.199357
204	Temporibus deleniti consequatur autem et repellendus.	6	34	2016-04-10 16:05:38.207713	2016-04-10 16:05:38.207713
205	Ut atque id molestiae rerum.	1	35	2016-04-10 16:05:38.216171	2016-04-10 16:05:38.216171
206	Ut atque id molestiae rerum.	2	35	2016-04-10 16:05:38.224437	2016-04-10 16:05:38.224437
207	Ut atque id molestiae rerum.	3	35	2016-04-10 16:05:38.232785	2016-04-10 16:05:38.232785
208	Ut atque id molestiae rerum.	4	35	2016-04-10 16:05:38.241055	2016-04-10 16:05:38.241055
209	Ut atque id molestiae rerum.	5	35	2016-04-10 16:05:38.24946	2016-04-10 16:05:38.24946
210	Ut atque id molestiae rerum.	6	35	2016-04-10 16:05:38.257802	2016-04-10 16:05:38.257802
211	Architecto dolorem quaerat nihil quo corrupti et et.	1	36	2016-04-10 16:05:38.266166	2016-04-10 16:05:38.266166
212	Architecto dolorem quaerat nihil quo corrupti et et.	2	36	2016-04-10 16:05:38.274419	2016-04-10 16:05:38.274419
213	Architecto dolorem quaerat nihil quo corrupti et et.	3	36	2016-04-10 16:05:38.282826	2016-04-10 16:05:38.282826
214	Architecto dolorem quaerat nihil quo corrupti et et.	4	36	2016-04-10 16:05:38.291128	2016-04-10 16:05:38.291128
215	Architecto dolorem quaerat nihil quo corrupti et et.	5	36	2016-04-10 16:05:38.299483	2016-04-10 16:05:38.299483
216	Architecto dolorem quaerat nihil quo corrupti et et.	6	36	2016-04-10 16:05:38.307798	2016-04-10 16:05:38.307798
217	Sed quo omnis et ut voluptate ducimus voluptatibus laboriosam voluptatem.	1	37	2016-04-10 16:05:38.316267	2016-04-10 16:05:38.316267
218	Sed quo omnis et ut voluptate ducimus voluptatibus laboriosam voluptatem.	2	37	2016-04-10 16:05:38.324499	2016-04-10 16:05:38.324499
219	Sed quo omnis et ut voluptate ducimus voluptatibus laboriosam voluptatem.	3	37	2016-04-10 16:05:38.332836	2016-04-10 16:05:38.332836
220	Sed quo omnis et ut voluptate ducimus voluptatibus laboriosam voluptatem.	4	37	2016-04-10 16:05:38.341149	2016-04-10 16:05:38.341149
221	Sed quo omnis et ut voluptate ducimus voluptatibus laboriosam voluptatem.	5	37	2016-04-10 16:05:38.349424	2016-04-10 16:05:38.349424
222	Sed quo omnis et ut voluptate ducimus voluptatibus laboriosam voluptatem.	6	37	2016-04-10 16:05:38.357901	2016-04-10 16:05:38.357901
224	Rerum aspernatur possimus ad et.	2	38	2016-04-10 16:05:38.374548	2016-04-10 16:05:38.374548
225	Rerum aspernatur possimus ad et.	3	38	2016-04-10 16:05:38.382851	2016-04-10 16:05:38.382851
226	Rerum aspernatur possimus ad et.	4	38	2016-04-10 16:05:38.391249	2016-04-10 16:05:38.391249
227	Rerum aspernatur possimus ad et.	5	38	2016-04-10 16:05:38.399563	2016-04-10 16:05:38.399563
228	Rerum aspernatur possimus ad et.	6	38	2016-04-10 16:05:38.407961	2016-04-10 16:05:38.407961
229	Eligendi omnis porro sint ipsa distinctio dolorem est maiores.	1	39	2016-04-10 16:05:38.416314	2016-04-10 16:05:38.416314
230	Eligendi omnis porro sint ipsa distinctio dolorem est maiores.	2	39	2016-04-10 16:05:38.424593	2016-04-10 16:05:38.424593
231	Eligendi omnis porro sint ipsa distinctio dolorem est maiores.	3	39	2016-04-10 16:05:38.432908	2016-04-10 16:05:38.432908
232	Eligendi omnis porro sint ipsa distinctio dolorem est maiores.	4	39	2016-04-10 16:05:38.441294	2016-04-10 16:05:38.441294
233	Eligendi omnis porro sint ipsa distinctio dolorem est maiores.	5	39	2016-04-10 16:05:38.449575	2016-04-10 16:05:38.449575
234	Eligendi omnis porro sint ipsa distinctio dolorem est maiores.	6	39	2016-04-10 16:05:38.457872	2016-04-10 16:05:38.457872
235	Doloribus deleniti consequuntur voluptate ut similique id.	1	40	2016-04-10 16:05:38.466403	2016-04-10 16:05:38.466403
236	Doloribus deleniti consequuntur voluptate ut similique id.	2	40	2016-04-10 16:05:38.474731	2016-04-10 16:05:38.474731
237	Doloribus deleniti consequuntur voluptate ut similique id.	3	40	2016-04-10 16:05:38.483008	2016-04-10 16:05:38.483008
238	Doloribus deleniti consequuntur voluptate ut similique id.	4	40	2016-04-10 16:05:38.491328	2016-04-10 16:05:38.491328
239	Doloribus deleniti consequuntur voluptate ut similique id.	5	40	2016-04-10 16:05:38.499702	2016-04-10 16:05:38.499702
240	Doloribus deleniti consequuntur voluptate ut similique id.	6	40	2016-04-10 16:05:38.508031	2016-04-10 16:05:38.508031
241	Eaque natus est hic excepturi odio vero.	1	41	2016-04-10 16:05:38.51656	2016-04-10 16:05:38.51656
242	Eaque natus est hic excepturi odio vero.	2	41	2016-04-10 16:05:38.524696	2016-04-10 16:05:38.524696
243	Eaque natus est hic excepturi odio vero.	3	41	2016-04-10 16:05:38.532499	2016-04-10 16:05:38.532499
244	Eaque natus est hic excepturi odio vero.	4	41	2016-04-10 16:05:38.540876	2016-04-10 16:05:38.540876
245	Eaque natus est hic excepturi odio vero.	5	41	2016-04-10 16:05:38.54968	2016-04-10 16:05:38.54968
246	Eaque natus est hic excepturi odio vero.	6	41	2016-04-10 16:05:38.55808	2016-04-10 16:05:38.55808
247	Vero sapiente ut ut quia adipisci quis modi.	1	42	2016-04-10 16:05:38.566417	2016-04-10 16:05:38.566417
248	Vero sapiente ut ut quia adipisci quis modi.	2	42	2016-04-10 16:05:38.574749	2016-04-10 16:05:38.574749
249	Vero sapiente ut ut quia adipisci quis modi.	3	42	2016-04-10 16:05:38.583091	2016-04-10 16:05:38.583091
250	Vero sapiente ut ut quia adipisci quis modi.	4	42	2016-04-10 16:05:38.591435	2016-04-10 16:05:38.591435
251	Vero sapiente ut ut quia adipisci quis modi.	5	42	2016-04-10 16:05:38.599749	2016-04-10 16:05:38.599749
252	Vero sapiente ut ut quia adipisci quis modi.	6	42	2016-04-10 16:05:38.607611	2016-04-10 16:05:38.607611
253	Magni assumenda maxime aut culpa.	1	43	2016-04-10 16:05:38.615988	2016-04-10 16:05:38.615988
254	Magni assumenda maxime aut culpa.	2	43	2016-04-10 16:05:38.624796	2016-04-10 16:05:38.624796
255	Magni assumenda maxime aut culpa.	3	43	2016-04-10 16:05:38.633116	2016-04-10 16:05:38.633116
256	Magni assumenda maxime aut culpa.	4	43	2016-04-10 16:05:38.641474	2016-04-10 16:05:38.641474
257	Magni assumenda maxime aut culpa.	5	43	2016-04-10 16:05:38.649828	2016-04-10 16:05:38.649828
258	Magni assumenda maxime aut culpa.	6	43	2016-04-10 16:05:38.658282	2016-04-10 16:05:38.658282
259	In rerum totam et id quo cum quae aut recusandae.	1	44	2016-04-10 16:05:38.666486	2016-04-10 16:05:38.666486
260	In rerum totam et id quo cum quae aut recusandae.	2	44	2016-04-10 16:05:38.674799	2016-04-10 16:05:38.674799
261	In rerum totam et id quo cum quae aut recusandae.	3	44	2016-04-10 16:05:38.683087	2016-04-10 16:05:38.683087
262	In rerum totam et id quo cum quae aut recusandae.	4	44	2016-04-10 16:05:38.691518	2016-04-10 16:05:38.691518
263	In rerum totam et id quo cum quae aut recusandae.	5	44	2016-04-10 16:05:38.699858	2016-04-10 16:05:38.699858
264	In rerum totam et id quo cum quae aut recusandae.	6	44	2016-04-10 16:05:38.708197	2016-04-10 16:05:38.708197
265	Iste omnis est libero ea voluptatibus laboriosam nisi.	1	45	2016-04-10 16:05:38.716605	2016-04-10 16:05:38.716605
266	Iste omnis est libero ea voluptatibus laboriosam nisi.	2	45	2016-04-10 16:05:38.724886	2016-04-10 16:05:38.724886
267	Iste omnis est libero ea voluptatibus laboriosam nisi.	3	45	2016-04-10 16:05:38.733209	2016-04-10 16:05:38.733209
268	Iste omnis est libero ea voluptatibus laboriosam nisi.	4	45	2016-04-10 16:05:38.741525	2016-04-10 16:05:38.741525
269	Iste omnis est libero ea voluptatibus laboriosam nisi.	5	45	2016-04-10 16:05:38.749911	2016-04-10 16:05:38.749911
270	Iste omnis est libero ea voluptatibus laboriosam nisi.	6	45	2016-04-10 16:05:38.758183	2016-04-10 16:05:38.758183
271	Quia exercitationem tempore autem repellendus ipsum natus.	1	46	2016-04-10 16:05:38.7666	2016-04-10 16:05:38.7666
272	Quia exercitationem tempore autem repellendus ipsum natus.	2	46	2016-04-10 16:05:38.774904	2016-04-10 16:05:38.774904
273	Quia exercitationem tempore autem repellendus ipsum natus.	3	46	2016-04-10 16:05:38.7832	2016-04-10 16:05:38.7832
274	Quia exercitationem tempore autem repellendus ipsum natus.	4	46	2016-04-10 16:05:38.791616	2016-04-10 16:05:38.791616
275	Quia exercitationem tempore autem repellendus ipsum natus.	5	46	2016-04-10 16:05:38.800081	2016-04-10 16:05:38.800081
276	Quia exercitationem tempore autem repellendus ipsum natus.	6	46	2016-04-10 16:05:38.808309	2016-04-10 16:05:38.808309
277	Atque qui minus ut est autem voluptas.	1	47	2016-04-10 16:05:38.816698	2016-04-10 16:05:38.816698
278	Atque qui minus ut est autem voluptas.	2	47	2016-04-10 16:05:38.824986	2016-04-10 16:05:38.824986
279	Atque qui minus ut est autem voluptas.	3	47	2016-04-10 16:05:38.833306	2016-04-10 16:05:38.833306
280	Atque qui minus ut est autem voluptas.	4	47	2016-04-10 16:05:38.841659	2016-04-10 16:05:38.841659
281	Atque qui minus ut est autem voluptas.	5	47	2016-04-10 16:05:38.849968	2016-04-10 16:05:38.849968
282	Atque qui minus ut est autem voluptas.	6	47	2016-04-10 16:05:38.858294	2016-04-10 16:05:38.858294
283	Asperiores ut minus perferendis cupiditate suscipit.	1	48	2016-04-10 16:05:38.866709	2016-04-10 16:05:38.866709
284	Asperiores ut minus perferendis cupiditate suscipit.	2	48	2016-04-10 16:05:38.874983	2016-04-10 16:05:38.874983
285	Asperiores ut minus perferendis cupiditate suscipit.	3	48	2016-04-10 16:05:38.8833	2016-04-10 16:05:38.8833
286	Asperiores ut minus perferendis cupiditate suscipit.	4	48	2016-04-10 16:05:38.89164	2016-04-10 16:05:38.89164
287	Asperiores ut minus perferendis cupiditate suscipit.	5	48	2016-04-10 16:05:38.900042	2016-04-10 16:05:38.900042
288	Asperiores ut minus perferendis cupiditate suscipit.	6	48	2016-04-10 16:05:38.907918	2016-04-10 16:05:38.907918
289	Sed et perferendis illo quisquam voluptates.	1	49	2016-04-10 16:05:38.916784	2016-04-10 16:05:38.916784
290	Sed et perferendis illo quisquam voluptates.	2	49	2016-04-10 16:05:38.925067	2016-04-10 16:05:38.925067
291	Sed et perferendis illo quisquam voluptates.	3	49	2016-04-10 16:05:38.93341	2016-04-10 16:05:38.93341
292	Sed et perferendis illo quisquam voluptates.	4	49	2016-04-10 16:05:38.941731	2016-04-10 16:05:38.941731
293	Sed et perferendis illo quisquam voluptates.	5	49	2016-04-10 16:05:38.950079	2016-04-10 16:05:38.950079
294	Sed et perferendis illo quisquam voluptates.	6	49	2016-04-10 16:05:38.958395	2016-04-10 16:05:38.958395
295	Autem quas rerum fugit in.	1	50	2016-04-10 16:05:38.966792	2016-04-10 16:05:38.966792
296	Autem quas rerum fugit in.	2	50	2016-04-10 16:05:38.975107	2016-04-10 16:05:38.975107
297	Autem quas rerum fugit in.	3	50	2016-04-10 16:05:38.983416	2016-04-10 16:05:38.983416
298	Autem quas rerum fugit in.	4	50	2016-04-10 16:05:38.991717	2016-04-10 16:05:38.991717
299	Autem quas rerum fugit in.	5	50	2016-04-10 16:05:39.000227	2016-04-10 16:05:39.000227
300	Autem quas rerum fugit in.	6	50	2016-04-10 16:05:39.008018	2016-04-10 16:05:39.008018
301	safgs dgsdg sdg 	1	1	2016-04-10 16:18:07.798975	2016-04-10 16:18:07.798975
\.


--
-- Name: comments_id_seq; Type: SEQUENCE SET; Schema: public; Owner: postgres
--

SELECT pg_catalog.setval('comments_id_seq', 301, true);


--
-- Data for Name: schema_migrations; Type: TABLE DATA; Schema: public; Owner: postgres
--

COPY schema_migrations (version) FROM stdin;
20160406195253
20160406210857
20160406212250
20160408160458
20160408214630
20160408221949
20160409071535
20160409071916
20160409072038
20160409072216
20160409072507
20160409075945
20160410113307
\.


--
-- Data for Name: users; Type: TABLE DATA; Schema: public; Owner: postgres
--

COPY users (id, name, email, created_at, updated_at, password_digest, remember_digest, admin, description, city_id, birthday) FROM stdin;
1	Example User	example@example.org	2016-04-10 16:05:26.741846	2016-04-10 16:05:26.741846	$2a$10$Myy1tRJqVf186xVVP639gOU2RvHVYcUxA0lLeSvvzmTFggUAEZD2i	\N	t	\N	\N	\N
2	Ms. Krista Runolfsdottir	example-1@example.org	2016-04-10 16:05:27.066207	2016-04-10 16:05:27.066207	$2a$10$MDC8yc.XAI4iC/YJGUe0vO8YujbEU5cuEJTcLJHku0FyvsYXmtTXi	\N	f	Quam delectus autem consequatur placeat vero natus reiciendis vel pariatur cum repudiandae ab eligendi quo iure rerum culpa labore nemo qui dolor recusandae dolores.	1	1928-07-08
3	Cortez Koelpin	example-2@example.org	2016-04-10 16:05:27.195341	2016-04-10 16:05:27.195341	$2a$10$UQdrU24xjOcEAYreEgM5kOIC.cGzuJU.68wQm0QKj3UFvX30p5ukK	\N	f	Ab consequatur minima porro aut iusto corrupti id fugit eum dolore sunt esse unde ducimus ipsam dignissimos enim aspernatur sequi enim omnis sed.	2	1963-09-27
4	Monte VonRueden	example-3@example.org	2016-04-10 16:05:27.262209	2016-04-10 16:05:27.262209	$2a$10$5nS9SZo7DesZkEIvkMZMEewuFt0X77RrVrhslc9wJLfkSj.W55yAe	\N	f	Eligendi aut minus aliquam atque impedit omnis maxime a et assumenda quaerat harum consectetur porro ea nesciunt culpa hic accusamus odit ipsam architecto incidunt eaque.	3	1904-05-24
5	Dr. Jalyn Frami	example-4@example.org	2016-04-10 16:05:27.327792	2016-04-10 16:05:27.327792	$2a$10$Hb9EdVaQQARJAmz2wqq/leMDkLepcx5aYk3qZnAmE6B2jZ8SGT1X2	\N	f	Quia consectetur est sequi nesciunt enim error perspiciatis culpa et placeat ut sit ut aut ut consequatur impedit similique ratione harum dicta.	4	1899-02-09
6	Monte Daniel	example-5@example.org	2016-04-10 16:05:27.394953	2016-04-10 16:05:27.394953	$2a$10$ttBlC06URM/MIgRIV2.cu.dwjmdfvObVAK8IzRPD/ci/c8UvCjtM.	\N	f	Eveniet quam dicta quis quia ut a rerum et ducimus molestiae ratione consequatur dolorum nesciunt id natus numquam eius iusto non.	5	1913-12-16
7	Derek Schaefer	example-6@example.org	2016-04-10 16:05:27.462097	2016-04-10 16:05:27.462097	$2a$10$GnLXOgBtPNrTYLNlHmyDeumJA/3yskgVso7p6t5HS5d9yC/mCjPy6	\N	f	Velit dolorum iste quam voluptatem veniam aspernatur doloremque asperiores magnam et totam ut optio eaque quod veritatis iure sed nihil rerum omnis autem ducimus labore.	6	1906-04-24
8	Clarissa Davis	example-7@example.org	2016-04-10 16:05:27.528321	2016-04-10 16:05:27.528321	$2a$10$UnqTf.gUJdZbyy8CjdLczu6GDjtQsOxaeUbuuTJws3CDePTiaJIBm	\N	f	Maiores voluptas cumque nisi doloremque et eum consequuntur enim consectetur porro ut iusto quo aut unde sint iure et eum temporibus adipisci sed.	7	1870-12-07
9	Garrick Hackett DVM	example-8@example.org	2016-04-10 16:05:27.595837	2016-04-10 16:05:27.595837	$2a$10$l0pIdGhN1XG4CtRLsMa1.OBkq3P1F9Zd/ZdWafLVFWbtNneb0WE1q	\N	f	Ipsum in beatae iste et illo veritatis debitis aut autem et est ducimus enim minima rerum perferendis modi labore magni a nulla voluptas commodi sed.	8	1900-08-17
10	Jude Bailey	example-9@example.org	2016-04-10 16:05:27.662109	2016-04-10 16:05:27.662109	$2a$10$bvyOtRrKu8fezTb7XT3qrO6ztXGrM5bR8uXVBp.jDqzYKpU1afsHa	\N	f	Et suscipit laudantium aliquid voluptas nulla ipsam aut quod et minima unde omnis ut cum et est itaque provident quos quidem.	9	1959-01-28
11	Molly Leuschke	example-10@example.org	2016-04-10 16:05:27.728386	2016-04-10 16:05:27.728386	$2a$10$NXIRgIWTuyyt7asDBqs6FuauNCwY5tCDBtKZs7ryf39t99bvby63G	\N	f	Minima veritatis nisi incidunt dolores molestiae quidem voluptatibus est quae eum suscipit optio voluptas qui et labore autem accusamus quod.	10	1885-03-23
12	Dr. Greg Jacobson	example-11@example.org	2016-04-10 16:05:27.80577	2016-04-10 16:05:27.80577	$2a$10$mtNn8L3YY9MVMrgJIxbalO0A4.Sd2oVxF9Ej0GixqpW0y22b/wi/C	\N	f	Optio odit eligendi omnis recusandae quo ut nesciunt debitis ad minus corporis et numquam tenetur molestiae exercitationem dignissimos dolores voluptatem blanditiis quo dolores aut.	1	1873-05-08
13	Ms. Nathanial Willms	example-12@example.org	2016-04-10 16:05:27.87832	2016-04-10 16:05:27.87832	$2a$10$3WYd6C6DPw2msgQYZJ/i0uUb2YrhV/Uy0504iwseixrwcAP8EKH4.	\N	f	Et quia molestiae totam voluptatum excepturi fugit nulla esse error expedita aliquid voluptas dolorem ut facere veniam minus reiciendis aut molestiae aperiam consequatur.	2	1944-07-07
14	Bernice Hartmann	example-13@example.org	2016-04-10 16:05:27.94555	2016-04-10 16:05:27.94555	$2a$10$npCkoVus/P2I3jFn0iEi.ubAw59vjGu1aimWfBXk85V64RxFhLsia	\N	f	Ipsum expedita et officiis quis aut temporibus veritatis nulla nam id distinctio perspiciatis ut eum tempore repellendus qui placeat alias.	3	1924-10-18
15	Katherine Marvin III	example-14@example.org	2016-04-10 16:05:28.012245	2016-04-10 16:05:28.012245	$2a$10$DZLKni4i95ZbSEs2en4XGeY.gm3N3JoQU5QQl5Ei0YmjQ7kEevavC	\N	f	Quaerat perferendis repellat dolor et a eos nihil quis nesciunt aut in est autem sint dicta ducimus optio voluptatem aperiam accusantium ut rerum et.	4	1897-08-24
16	Viviane Hamill	example-15@example.org	2016-04-10 16:05:28.078668	2016-04-10 16:05:28.078668	$2a$10$mtBsMrVG0t4XIqgSs.9xFO4HQfxxM9jrXgDquVnspZEt9GUcRp9tC	\N	f	Laudantium aperiam voluptatem ut voluptatem aut distinctio laborum culpa omnis et pariatur minima suscipit recusandae praesentium reiciendis fugit delectus sit facilis.	5	1917-05-11
17	Brody Schroeder	example-16@example.org	2016-04-10 16:05:28.145792	2016-04-10 16:05:28.145792	$2a$10$397T2wJCJ9dE.9/swEGqieGWHw66JCxvYcnzL9QokvY/YWpz3lqEm	\N	f	Maiores neque et non eligendi facere dolor blanditiis qui iste ipsa optio repudiandae quis ut qui deserunt cum non labore perspiciatis et quibusdam perferendis.	6	1928-09-22
18	Richard Runte MD	example-17@example.org	2016-04-10 16:05:28.211932	2016-04-10 16:05:28.211932	$2a$10$L/XphBD0uYPxNzvCTFtQLursaZros0.xTw6rxsK/ZP9zPejsW/FB2	\N	f	Blanditiis fugiat exercitationem eum et corporis nisi deleniti sint iste suscipit qui repellat autem nostrum commodi ullam est mollitia magnam quia quo et placeat.	7	1922-04-01
19	Cullen Ankunding	example-18@example.org	2016-04-10 16:05:28.278119	2016-04-10 16:05:28.278119	$2a$10$J..Hf8at5bh56hPaX0Ucjuj09ngBM42javuKphO71LKIiGBSyD.2m	\N	f	Eos dolore placeat quia perferendis voluptatem iure molestias sit ut voluptatibus aut officia autem tenetur incidunt excepturi ab pariatur et dolorem.	8	1889-11-26
20	Maud Hackett V	example-19@example.org	2016-04-10 16:05:28.34527	2016-04-10 16:05:28.34527	$2a$10$LLw4NzVdfxUG5ZvfHshnSuKu6IY2JzysFoUKBItvvMGeL5DCEg5K.	\N	f	Quia et odio culpa facilis ullam consequatur ut veniam soluta consectetur aut ut et omnis quo ad placeat cumque illo eveniet nihil consequatur.	9	1925-02-11
21	Baron Deckow	example-20@example.org	2016-04-10 16:05:28.411951	2016-04-10 16:05:28.411951	$2a$10$Dcpy.bAgubzVx98yP/wJJOZo1mFxki5FQSrjw7iUbK0OpUGnvZZb6	\N	f	Error fugit sit aperiam est omnis dolor a qui suscipit et maxime voluptates ut optio aspernatur aut cumque saepe consequatur corporis.	10	1924-03-10
22	Trystan Parisian	example-21@example.org	2016-04-10 16:05:28.47872	2016-04-10 16:05:28.47872	$2a$10$x7NTVfY/k9oBBlp4jkn1cenj/gkaQpWEJBw2BOJI0QjTpdtaWKUYC	\N	f	Voluptatibus excepturi id animi dolorum voluptates quia sed omnis modi doloremque sunt odit aut et dolor vitae aut quam laudantium praesentium unde voluptatem.	1	1954-01-06
23	Floyd Jacobi	example-22@example.org	2016-04-10 16:05:28.545504	2016-04-10 16:05:28.545504	$2a$10$NhtqSzux5Usi2BowYhlZ2.jY8rOWimbNxfxzeerGtmq.YPa3f8Wea	\N	f	Omnis repellat quia ducimus aut perspiciatis distinctio sint assumenda mollitia hic autem fuga eaque dolore commodi voluptas dicta consequatur ipsum.	2	1941-08-22
24	Lilian Terry	example-23@example.org	2016-04-10 16:05:28.612016	2016-04-10 16:05:28.612016	$2a$10$zhlSoPjr4cEhmJFy4EvIlenzOBAAnqlLGFPFJr0Y8/95MDw0zziPW	\N	f	Ad magnam praesentium hic incidunt quae ut et assumenda impedit ut recusandae esse quia quis veniam temporibus voluptate molestiae qui.	3	1904-02-02
25	Jaiden Littel	example-24@example.org	2016-04-10 16:05:28.679203	2016-04-10 16:05:28.679203	$2a$10$alSzA0jPuMGqXO0ApUlt1eMWWXD1zEGIAT4m7jGu25q4pB6gIdkXW	\N	f	Laudantium molestiae consequatur et ut et magnam voluptates asperiores quia aut quasi fugit velit laborum ullam facilis quis laboriosam eligendi rerum et.	4	1941-03-21
26	Moriah Schowalter	example-25@example.org	2016-04-10 16:05:28.745357	2016-04-10 16:05:28.745357	$2a$10$.1d451X.zCNN/sV6Fyf5KuJh6n.O7bJBfEGe8mkCeeXgMOJR.lpf2	\N	f	Quasi non dignissimos quo ea aut velit nesciunt et illum consectetur fuga incidunt provident esse repellat et occaecati omnis doloremque.	5	1893-12-26
27	Cory Ryan Jr.	example-26@example.org	2016-04-10 16:05:28.811347	2016-04-10 16:05:28.811347	$2a$10$c5grg3b81cT.WPqfrjRKBOHP.wfACidmoz.rDOaBIKA1PpagsXNju	\N	f	Voluptas expedita ab magnam error blanditiis reiciendis voluptates architecto et fuga ratione praesentium sint debitis ut vitae voluptatem totam molestias quam ut eius voluptas.	6	1885-10-03
28	Evelyn Kris	example-27@example.org	2016-04-10 16:05:28.878608	2016-04-10 16:05:28.878608	$2a$10$bEh.GttHEB45EQf0BDml5.INvIi5Fv8dRh1iduP5M91MnrB2jHY5.	\N	f	Odit aut non quae dolorum fugit asperiores soluta quia voluptas animi consequatur voluptatum consequatur quo est qui aperiam a quo.	7	1945-01-19
29	Raymundo Fahey	example-28@example.org	2016-04-10 16:05:28.94561	2016-04-10 16:05:28.94561	$2a$10$pkyRDwTvmMARUKSZW2b3I.3V1c79J6NUm.qJwpbVrtm37BqlUt8yG	\N	f	Beatae ea mollitia qui aut enim itaque odit dolor magni a aut blanditiis animi reprehenderit eum deleniti alias corporis libero atque veritatis quisquam.	8	1945-11-29
30	Hazle Blick	example-29@example.org	2016-04-10 16:05:29.012355	2016-04-10 16:05:29.012355	$2a$10$BOJHYkUPBr/OBQV9zNNSdOU08H29cMqOT8S6mtKPUMfrwtYntl5EG	\N	f	Aut ea nostrum qui voluptatem provident laborum error quia ab omnis nemo fugiat tempore repellat molestiae consequuntur at dolores non officia.	9	1891-01-28
31	Devin Prosacco MD	example-30@example.org	2016-04-10 16:05:29.078912	2016-04-10 16:05:29.078912	$2a$10$IvT730J97b6zhsbLcwEGPuOjOTwKGDInJM8AE/4WAkAUpwYvNhJJ2	\N	f	Est labore qui quasi exercitationem minus ea doloribus consequatur rem et qui laudantium libero quia quam tempore odio amet praesentium veniam.	10	1969-01-28
32	Mac Lynch	example-31@example.org	2016-04-10 16:05:29.14627	2016-04-10 16:05:29.14627	$2a$10$H1f3D42XI/biObkqf/GROOSynojQd2RoylAo.VKZgGZPK3AxT8On.	\N	f	At iure dolorum in consequatur corporis enim magnam et architecto voluptatem quae aliquid expedita nobis voluptatem quibusdam nihil aut distinctio ea odio consequuntur enim rerum.	1	1892-04-17
33	Geovanni Waters	example-32@example.org	2016-04-10 16:05:29.212248	2016-04-10 16:05:29.212248	$2a$10$Cu0FyJXfnsNTu8x6OssiZ.xbfFLPp8IOpCBEgIyflJjrotW2BBDq.	\N	f	Et ipsa odit est rerum vitae occaecati suscipit in totam aut ipsum dolore perspiciatis autem quo nihil ab velit doloremque itaque.	2	1907-09-16
34	Halie Aufderhar	example-33@example.org	2016-04-10 16:05:29.278694	2016-04-10 16:05:29.278694	$2a$10$06ABZhEiBtutcNZrdykMmOvPs67HuBbuSm9024kFC1hQSUOgEnEqi	\N	f	Nesciunt adipisci autem repellendus nam distinctio porro sit dolorem in ut est sed dolor veritatis ex quaerat eaque sunt ut.	3	1960-09-15
35	Aurelio Dare	example-34@example.org	2016-04-10 16:05:29.345469	2016-04-10 16:05:29.345469	$2a$10$b6QoT8DB/2f1EScwMtFwdOrYgOvT8iRo75d.N19HGeL0s5/OqW.8u	\N	f	Voluptatem molestias vel molestiae sint est nesciunt totam minus consectetur hic debitis deserunt voluptas consequatur quia dignissimos reiciendis nobis voluptatem doloremque facilis exercitationem veniam sequi.	4	1960-04-16
36	Dasia Buckridge	example-35@example.org	2016-04-10 16:05:29.412091	2016-04-10 16:05:29.412091	$2a$10$2Nz9APspkL5ouLTn6mFVeeYdebXPo0mf0kBnIsAsFKZnI7TZchbze	\N	f	Quis corporis voluptatem et laborum quia quae animi accusamus itaque in aut quibusdam vero unde dolores perspiciatis ab eos et assumenda.	5	1872-03-22
37	Abdul Zulauf	example-36@example.org	2016-04-10 16:05:29.47887	2016-04-10 16:05:29.47887	$2a$10$N2Iwlol.84rPXmdBMKsBBu5Y4cukA5jKDSosXYk3zlYnQh1fbaRn.	\N	f	Enim quam quis dignissimos ducimus qui et laboriosam omnis fuga dolores maxime commodi voluptatibus ut sed delectus nesciunt sequi vel non quibusdam doloribus.	6	1931-05-02
38	Clark Maggio	example-37@example.org	2016-04-10 16:05:29.545751	2016-04-10 16:05:29.545751	$2a$10$u1.kDRW4hIHRm9dultN51ONsbQE17HhAEhFxNhWBFa2yWuDf.5bMq	\N	f	Qui minima qui aut nesciunt magnam sunt facere facilis nam omnis adipisci aut dolores est possimus ad debitis eum voluptates repudiandae laborum ipsam itaque illo.	7	1913-02-25
39	Hobart Berge	example-38@example.org	2016-04-10 16:05:29.612038	2016-04-10 16:05:29.612038	$2a$10$LdZulLy.zsutLf3Sp6GAsultoC2469nxJKdhjro8eoT4AlwTWSJaW	\N	f	Eos cumque nostrum iusto quidem esse ut ut soluta perferendis aut voluptatem a praesentium perspiciatis aut vel nulla sint modi sed itaque eveniet totam sunt.	8	1915-03-18
40	Cleve Wilderman II	example-39@example.org	2016-04-10 16:05:29.679386	2016-04-10 16:05:29.679386	$2a$10$CE18qM6adud5dWyzDMo1qOKGtIZ6t1hERiqB2vrP1Iga4WnTfroKi	\N	f	Aut eos optio incidunt nesciunt et occaecati soluta et illo ad nobis aut voluptatibus est nihil eum ratione deleniti perferendis autem numquam est natus.	9	1872-02-23
41	Candice Lynch	example-40@example.org	2016-04-10 16:05:29.745511	2016-04-10 16:05:29.745511	$2a$10$VnLdwaahkBUz2ScvqlEfwuSd/dxTlIdQtFAcdQ0t9jrWFS9dC9KHm	\N	f	Velit sit adipisci earum doloribus officiis tenetur est libero alias porro quis nihil impedit eum id assumenda odio asperiores quia enim et.	10	1871-09-27
42	Elena Conroy	example-41@example.org	2016-04-10 16:05:29.812412	2016-04-10 16:05:29.812412	$2a$10$Fy2k7JUxwgV4J33yhggyHuSRn5PD6y1eFZMsZkBt.nNejPM3GqHry	\N	f	Aliquid quidem aut vero ut recusandae natus molestiae consectetur qui illo et inventore nostrum repellat eaque aspernatur rerum commodi quia.	1	1931-08-04
43	Gerhard Fadel	example-42@example.org	2016-04-10 16:05:29.878861	2016-04-10 16:05:29.878861	$2a$10$4nyi/0H8SUO7/KlCWnvPiu9QgKG94s.SSOTTkRaP73FyVvmqbhtpq	\N	f	Autem facere explicabo voluptatem earum modi autem iste accusamus inventore nemo exercitationem suscipit qui dicta velit dignissimos qui unde qui nobis ducimus est quibusdam aut.	2	1904-08-02
44	Julianne Stracke	example-43@example.org	2016-04-10 16:05:29.94595	2016-04-10 16:05:29.94595	$2a$10$TNSPeTMAFpjUr3fLpm09KucqeJd7oJkP7f9mCbPVDn0gLqakm0Tr2	\N	f	Consequatur cumque laudantium perferendis odit qui harum omnis vel perspiciatis natus autem sapiente culpa ut quia aut in eligendi numquam.	3	1902-03-21
45	Aron Boyer	example-44@example.org	2016-04-10 16:05:30.012562	2016-04-10 16:05:30.012562	$2a$10$IrfKPzjgLovfV/tde8v4Bu2Y/j0jgoKCMKX0pEhEEJ7u3TqDkw31W	\N	f	Aut officia sunt debitis qui aut est cumque architecto beatae hic deleniti ut et dicta modi rerum doloremque reprehenderit illo.	4	1940-06-17
46	Alta Schmeler	example-45@example.org	2016-04-10 16:05:30.079298	2016-04-10 16:05:30.079298	$2a$10$cBi9SuM2hP38DE644xKKa.9W1EgnIfOMvOMXnyQ09jS5ajWl3XOqm	\N	f	Officia alias porro cum qui pariatur sed voluptate aperiam quisquam aut velit eveniet autem et deleniti consequuntur autem aut possimus nam molestiae aut dolor.	5	1943-08-22
47	Lavada Raynor	example-46@example.org	2016-04-10 16:05:30.146215	2016-04-10 16:05:30.146215	$2a$10$seb0E9NdQEFelzVeR63QnueCvbK2Txxuuc15f7jE6IU9D6kLo5x4u	\N	f	Quis at accusantium odit delectus fugit veritatis iste voluptatem sequi architecto voluptas autem molestias sunt voluptatibus natus aut repellendus totam officiis minus.	6	1870-05-09
48	Eriberto Lesch	example-47@example.org	2016-04-10 16:05:30.211937	2016-04-10 16:05:30.211937	$2a$10$E9AfpdHcWjFmDAY2//o1Jue5YSSTBxPmDcLXLZfmadyTsyyHArxWe	\N	f	Minima tenetur et ut molestiae perferendis vitae odio est quos earum sit esse temporibus recusandae cupiditate dolores et corporis praesentium voluptatem aut consequuntur fugit omnis.	7	1967-07-12
49	Mr. Timmy Zieme	example-48@example.org	2016-04-10 16:05:30.279108	2016-04-10 16:05:30.279108	$2a$10$x9UXU8Qv0REh7XJurPYHheo1EHRx1cDYy8o8OjXhxqdBKFnj9BHC2	\N	f	Libero debitis dolores est mollitia at exercitationem pariatur tempore autem cum sapiente nulla tenetur nisi molestiae quia rerum facilis qui veritatis neque quo eum.	8	1922-07-28
50	Arno Hammes	example-49@example.org	2016-04-10 16:05:30.345761	2016-04-10 16:05:30.345761	$2a$10$Ee.T4.dj7RPBplsF85K6r.GybDYZmpiFEHI2e8wi6OgBFfdGg1WrO	\N	f	Eum vero pariatur optio dolor fugiat quaerat nihil eius earum ipsa ab corporis nostrum dolor iure facere dolorem sint amet.	9	1918-02-23
51	Anita Kreiger	example-50@example.org	2016-04-10 16:05:30.412332	2016-04-10 16:05:30.412332	$2a$10$RV1WmOm.JLUARgK6yNszLOQ1xEt0mUsOQFtJICBp9OJDb1IQhZ/4W	\N	f	Consequuntur illo voluptate sunt qui dolor odit labore quisquam qui et ducimus quas beatae dicta ab sed inventore magni dolorem voluptas sit.	10	1906-06-03
52	Foster Erdman	example-51@example.org	2016-04-10 16:05:30.479155	2016-04-10 16:05:30.479155	$2a$10$cGybVh7x.LfISqLJulT24u0MwuyYaCak0CE40AZN5IwMlKBiwJR7e	\N	f	Occaecati quaerat necessitatibus praesentium non ipsam molestiae voluptatem laudantium suscipit earum rem expedita quibusdam maxime omnis tempora voluptate quis exercitationem quidem a.	1	1886-12-06
53	Francesco Trantow	example-52@example.org	2016-04-10 16:05:30.545827	2016-04-10 16:05:30.545827	$2a$10$3rra1ZtT9t3CljotAQnRwOQshTToFJF4CMcxH5rJj13TrgDBIFxN.	\N	f	Vel vel et dolores omnis architecto voluptas sed nihil eum harum pariatur quaerat ea facere impedit perspiciatis earum consequatur ut provident.	2	1881-02-08
54	Gwen Harris	example-53@example.org	2016-04-10 16:05:30.61268	2016-04-10 16:05:30.61268	$2a$10$RYhLv7hZcZCJL3ixbz35huLCSWLvzfcViz.xWZcIjO.CHGWo2DCbG	\N	f	Dolor excepturi et accusantium deleniti earum velit eum consectetur nulla a error voluptatibus ex alias iure sit ullam incidunt ea voluptatem officia rem ab vitae.	3	1931-05-28
55	Nina Nitzsche PhD	example-54@example.org	2016-04-10 16:05:30.679491	2016-04-10 16:05:30.679491	$2a$10$iRAmWCAm.aSHAPxHsM2CcuKkyrQrSLEaWTihLMc1bRaIVr65nVQ4G	\N	f	Facilis similique rem dolorem perspiciatis beatae dicta minima delectus commodi quisquam et suscipit aut sunt quo dolore et ut tempora voluptas ut aliquid necessitatibus.	4	1954-10-10
56	Dr. Ariane Stiedemann	example-55@example.org	2016-04-10 16:05:30.745808	2016-04-10 16:05:30.745808	$2a$10$KCtKNz61e0N7F..g8YLH9uhhRWuVpdz2zcKn0bQ9iNgGpgeFBiLt.	\N	f	Debitis est aliquam hic sint eius harum ut ut fugit quas saepe modi enim vel temporibus omnis est itaque expedita esse nesciunt ut.	5	1871-08-22
57	Murray Gutmann	example-56@example.org	2016-04-10 16:05:30.812675	2016-04-10 16:05:30.812675	$2a$10$AmhvCxyWCFEylftm.W/U0uweVbOqT7dH5EqpY3CvF1eIZIPf8iCCG	\N	f	Voluptas quidem quisquam aut amet perferendis dolorem voluptatem ut labore accusantium sapiente ipsa deleniti non quaerat tempore officiis et at explicabo quibusdam vitae eius earum.	6	1924-09-19
58	Ayden Lockman Sr.	example-57@example.org	2016-04-10 16:05:30.879214	2016-04-10 16:05:30.879214	$2a$10$Kf7kw5L1Cker.oI7jV11fuEr3eluwQLWKY2/3vHCnO9uZ.cQmxSPO	\N	f	Eaque sint et dignissimos animi aut debitis vero asperiores aliquam qui doloremque expedita nostrum doloribus voluptates culpa et et sunt.	7	1892-11-20
59	Edward Purdy	example-58@example.org	2016-04-10 16:05:30.946096	2016-04-10 16:05:30.946096	$2a$10$yA8Kk1B7dJSNaeqa65OWIemR2LRQ6RcDVZVH/u2EkiMUwx4dMlNxy	\N	f	Qui beatae qui iusto ex et similique id rerum temporibus distinctio magni incidunt qui sed architecto illo modi laboriosam animi.	8	1886-04-05
60	Kiara Kassulke	example-59@example.org	2016-04-10 16:05:31.01311	2016-04-10 16:05:31.01311	$2a$10$cWezonq1A8qZPKWoef.JJOmrSm6ZMmduJnFWkSmXaO3pbp6G2jCmK	\N	f	Impedit qui provident nostrum fugit occaecati nobis saepe quia qui atque inventore eum eos earum amet reiciendis aspernatur non sapiente.	9	1880-04-16
61	Reilly Buckridge	example-60@example.org	2016-04-10 16:05:31.0795	2016-04-10 16:05:31.0795	$2a$10$kyMhu34wdFUnRYTnY9OoYuWe5MEytRh3t5E1PTyqXqerca4r4rFaS	\N	f	In deserunt ut libero adipisci modi rerum et eos rerum itaque aut omnis pariatur nihil consequatur est laudantium quidem amet autem.	10	1871-10-26
62	Amelia Hessel II	example-61@example.org	2016-04-10 16:05:31.147017	2016-04-10 16:05:31.147017	$2a$10$h3VRGEGhtfqUuMuqKotvPuXHd6JOf.s..7lDu173dBol5YVQoLOZi	\N	f	Veritatis aut ea aut cupiditate aliquid dolores et et illum aut expedita sit alias mollitia laboriosam omnis saepe ut non et sit.	1	1948-01-01
63	Dena Conn	example-62@example.org	2016-04-10 16:05:31.212287	2016-04-10 16:05:31.212287	$2a$10$YpwKN2XjyXqJTh8G6hINNe2xl4CSBUK07S2vOsiXTVqolFvWa89CW	\N	f	Numquam inventore ullam ipsa sed blanditiis qui iste aut et quibusdam suscipit quos saepe nisi et qui occaecati quae adipisci et.	2	1893-03-25
64	Miss Lazaro Sporer	example-63@example.org	2016-04-10 16:05:31.279254	2016-04-10 16:05:31.279254	$2a$10$/Nvl93qazuEHyJ6swt52PuAU6nH1nWG9B3SoQ9EmUzg9Z7PiLqNPq	\N	f	Rerum ut nisi reiciendis doloribus placeat et veniam aut est nihil quo dolores culpa ducimus et aspernatur sunt molestiae sequi.	3	1945-03-15
65	Ernestina Schimmel	example-64@example.org	2016-04-10 16:05:31.346028	2016-04-10 16:05:31.346028	$2a$10$RBwiwMhb.741etiqZvU0Su1ievWHp3bqpZDIDq9eCA/oSRYip2vCW	\N	f	Autem qui corporis nihil soluta perferendis voluptatem ut blanditiis voluptatem quis quia saepe quae cumque non vitae pariatur deleniti sint exercitationem tenetur placeat quas.	4	1881-12-01
66	Dorris Kiehn Jr.	example-65@example.org	2016-04-10 16:05:31.412579	2016-04-10 16:05:31.412579	$2a$10$FBB3FxSvZ9QIXJfNXCVusulWUgi.RBwU/GGKpr1atjOdT6wzJmRxq	\N	f	Asperiores fugit laborum quam voluptates perferendis aut similique voluptas dolorum fugiat dolores autem et sapiente optio repellendus placeat amet harum.	5	1873-09-17
67	Cielo Ryan	example-66@example.org	2016-04-10 16:05:31.479431	2016-04-10 16:05:31.479431	$2a$10$Q6m.nommMRkUuVVgAQZs..mP/9I58eWYPpFkLcU3TpG2A7R7Lklnu	\N	f	Sit vero et id aut quia veritatis omnis voluptatem aut mollitia eveniet id recusandae alias est eaque enim sint repellendus at est consequatur.	6	1872-03-22
68	Cayla Dach	example-67@example.org	2016-04-10 16:05:31.545974	2016-04-10 16:05:31.545974	$2a$10$cwhlyOGo/snuFzAmQMvKse3IkKXXdyQC8jRIJpQxoIIXENq2l1oB.	\N	f	Maxime repellat et perferendis dolorem explicabo vel non est qui enim rerum autem sunt perspiciatis iusto dolor sint et ab.	7	1959-04-01
69	Dr. Nicolas Moen	example-68@example.org	2016-04-10 16:05:31.612583	2016-04-10 16:05:31.612583	$2a$10$fSfuc4wbqyH.770xyo4xx.lNvkEXuxeHggPCu72Cw3X8HXk6Hej/C	\N	f	Nihil fugiat reprehenderit ut occaecati tempore qui sit odio magnam earum pariatur voluptatem voluptas quia dolorum delectus est culpa est est odit.	8	1900-04-29
70	Guido Kuphal	example-69@example.org	2016-04-10 16:05:31.680021	2016-04-10 16:05:31.680021	$2a$10$Ts5EmKrXfvQXQvulVZs6.uDRdYPBJDehP0p6MZyDsAGMgB0rPSFHe	\N	f	Non quia ipsum ratione ea consectetur consequatur beatae recusandae omnis qui sed error temporibus placeat accusantium maxime sit molestiae alias.	9	1912-07-24
71	Alvera Conn	example-70@example.org	2016-04-10 16:05:31.779073	2016-04-10 16:05:31.779073	$2a$10$Rim9f8LRqKRPJWEZgO4kaO5XUaC9fjFOZfSaCHC6vlL1rk/198sgC	\N	f	Ea necessitatibus quia voluptas minus est error dolores labore mollitia in est accusamus aperiam quia explicabo quibusdam nostrum iure pariatur dolor dolorem consequatur.	10	1943-06-12
72	Dave Thiel	example-71@example.org	2016-04-10 16:05:31.846061	2016-04-10 16:05:31.846061	$2a$10$klwvCcTpQCq0w2D5ddURS.2tOzuCELg.srIU72.PjdzU3MduE/PCK	\N	f	Dolor quia ab accusantium vel numquam voluptatem nobis est delectus ipsum quasi aut non minima expedita ipsa temporibus voluptate omnis placeat exercitationem earum commodi.	1	1920-03-18
73	Andreanne Stroman	example-72@example.org	2016-04-10 16:05:31.912677	2016-04-10 16:05:31.912677	$2a$10$H9v34OageFlD5XsAQNznP.1CrAIe4fwQChmD1iI72QEpUiRRO9Onq	\N	f	Illo sit reiciendis soluta dolor vero ducimus aut facilis sunt velit vitae accusamus qui explicabo repellendus est at eius repellat sed.	2	1955-08-27
74	June Muller	example-73@example.org	2016-04-10 16:05:31.979628	2016-04-10 16:05:31.979628	$2a$10$sqqeiW5QKMhwErZVOiqlYeicp0gKeSp2IqjcGZc4cWxt/8NMV0HLa	\N	f	Officiis ut voluptas distinctio iste dolore blanditiis qui excepturi et sint repellendus reprehenderit mollitia facere ipsam ex tempora maiores incidunt sit dolor officia.	3	1958-03-24
75	Chaz Sanford Jr.	example-74@example.org	2016-04-10 16:05:32.046503	2016-04-10 16:05:32.046503	$2a$10$KM.js1ZHA1G19rfIZ/m4K.Gtk1pzQpmvj0LlRL0GbdfHx9OEXe2Ve	\N	f	Nostrum voluptatem commodi quis provident iure assumenda omnis dignissimos voluptatem consequatur non eveniet enim autem est eos ad vero ea placeat molestiae temporibus aut.	4	1915-03-03
76	Cesar Bode	example-75@example.org	2016-04-10 16:05:32.112977	2016-04-10 16:05:32.112977	$2a$10$hk5tFV9jKt5aDfF5Lf5EUOb32NGtvPY5eMXbE25DlcZ78O4W2AgkG	\N	f	Nihil voluptas voluptatum aut qui officiis dolore eaque ut earum nisi suscipit qui veniam illum voluptatem reprehenderit nulla consequuntur quis minima corrupti veritatis et.	5	1908-08-21
77	Duane Dietrich	example-76@example.org	2016-04-10 16:05:32.180125	2016-04-10 16:05:32.180125	$2a$10$eOc7qqcRs3FSw7etERcGHePWhPDCPLv.kRcfsL9ifdTX/FAExsXky	\N	f	Repudiandae ea qui cupiditate quasi beatae nostrum aut omnis voluptatum ab ex nobis laboriosam recusandae similique molestiae aliquid voluptate quia est magnam magni.	6	1953-07-27
78	Jarrod Bruen	example-77@example.org	2016-04-10 16:05:32.246577	2016-04-10 16:05:32.246577	$2a$10$1eDYLoFIWQb0BjT2YjMQy.bj93l0rPpGyJKFzFi8KtHyOd3cgFqjq	\N	f	Sit distinctio praesentium natus facilis rerum et quia nemo debitis dignissimos pariatur consequatur laudantium dolores voluptatem eum qui perspiciatis placeat ipsum dolorum cum.	7	1924-08-14
79	Alexanne Stroman	example-78@example.org	2016-04-10 16:05:32.312713	2016-04-10 16:05:32.312713	$2a$10$vG8o0PoIeTKBUzK3FYXEOelSWyXDMxm0OGbYcVbymDRvoDZpLmzLa	\N	f	Eius atque natus autem vero itaque fugit suscipit iure rerum aliquam odit culpa fuga recusandae delectus eaque rem ea quasi distinctio labore aut fugiat id.	8	1913-11-10
80	Millie Watsica	example-79@example.org	2016-04-10 16:05:32.379398	2016-04-10 16:05:32.379398	$2a$10$YlyHQducpF/VKkCEKTpDfOYT4EdHmqj13bsfUodG9oc.Y6hsZn.je	\N	f	Facere molestiae doloribus at pariatur voluptas ipsa numquam odit sint quo esse repellendus totam perferendis id molestiae debitis nesciunt veniam eum rem et aspernatur.	9	1969-08-19
81	Jordyn Yundt	example-80@example.org	2016-04-10 16:05:32.446205	2016-04-10 16:05:32.446205	$2a$10$kWyA3DFHOVCg4M72CW1PI.EZ2Xe1OTlrSaNezLl20w7zugQIlbnyC	\N	f	Unde sit necessitatibus omnis ea atque animi aliquid et eum et commodi iusto sequi dolor quidem ut quos vero perferendis quod numquam.	10	1929-12-27
82	Angela Zemlak	example-81@example.org	2016-04-10 16:05:32.512889	2016-04-10 16:05:32.512889	$2a$10$llc78xKZgjdze0AUoCK8B.U2HF6f2WG1DDJsFavWUF/zapM2rQvtW	\N	f	Id ut ea expedita sint eligendi nihil aperiam cumque quia ea sunt beatae reprehenderit corrupti iusto quos velit autem ut magnam.	1	1947-04-11
83	Joel Rowe V	example-82@example.org	2016-04-10 16:05:32.580486	2016-04-10 16:05:32.580486	$2a$10$v/HrCjbZ4yR7piviutWgEepzRxJLXczOD0ZRSpryOh9bEj.9oeb/2	\N	f	Nam adipisci molestiae occaecati minima voluptas cum autem recusandae quas aut sint facere qui aut enim asperiores voluptatum quibusdam dolores temporibus.	2	1952-09-01
84	Fanny Yundt	example-83@example.org	2016-04-10 16:05:32.646751	2016-04-10 16:05:32.646751	$2a$10$KVqjuhGpcDZKGr2dCgY8zO6gMexngYpuo1D4sSFFs8SmdRi1Wsbdq	\N	f	Quam non voluptas consequuntur excepturi a omnis veniam esse nemo est tempora voluptas unde deserunt quae occaecati alias quasi perspiciatis ipsum quia maiores repudiandae assumenda.	3	1880-10-15
85	Durward Durgan DDS	example-84@example.org	2016-04-10 16:05:32.712831	2016-04-10 16:05:32.712831	$2a$10$pHMIqJWVSA3a1l9YfD/cOenCzVlZkD63126GdlABd3WeSunWsVFNi	\N	f	Maiores odit illo sit non vitae odio magni id nihil architecto officiis nesciunt sit sed voluptas voluptate neque excepturi ea in ab consequatur quia nulla.	4	1956-09-04
86	Lauryn Boehm	example-85@example.org	2016-04-10 16:05:32.779743	2016-04-10 16:05:32.779743	$2a$10$GYiBRyoKnftkf71AXHVejulp4zPkptm7.dENE52VYlFU.aDEIlRZq	\N	f	Odio quia sequi tempore rerum voluptatem est voluptates accusantium illum modi aliquam recusandae architecto dolore culpa esse nihil quam consequatur qui quis sit.	5	1918-12-27
87	Rebecca Nikolaus	example-86@example.org	2016-04-10 16:05:32.856233	2016-04-10 16:05:32.856233	$2a$10$fWmEN0SNFpAUoE8a.FaCMeFqya/LUvlGkH9Mm7hzZ02k/eXhSQBIi	\N	f	Porro alias et quia reprehenderit similique sequi dolores in quasi non fugit id inventore consequuntur veniam quidem expedita quo laboriosam vel rerum est est.	6	1969-07-14
88	Alyson Osinski	example-87@example.org	2016-04-10 16:05:32.929769	2016-04-10 16:05:32.929769	$2a$10$NFqWbij7ObLRvXVsurrzku6vy7TGu/a9736QpItDJiNyIGMoQX.mW	\N	f	Nisi porro voluptatem corporis debitis quaerat quas tempora quos dignissimos ut ducimus autem vel ipsam alias non nulla repellendus ut fuga iure eum.	7	1956-02-11
89	Armani Kerluke	example-88@example.org	2016-04-10 16:05:32.996286	2016-04-10 16:05:32.996286	$2a$10$B1rAtZv7ef08ebzOZQj1VuibHfc8XiBfnbsAAcPrnBQomANDWtOY2	\N	f	Voluptatum aut eum dolorem nobis ea est non assumenda quaerat sapiente aspernatur natus beatae iste sit rerum incidunt nemo maiores aliquid illo.	8	1911-06-22
90	Angelita Moore	example-89@example.org	2016-04-10 16:05:33.063239	2016-04-10 16:05:33.063239	$2a$10$dL.g4u9INJpJ4r.htvQpc.tc1TBTX7g.p1QiM7VQ9Xk3lUIcRqUju	\N	f	Accusamus ipsam eaque dolor debitis et itaque sed consequuntur voluptas rerum id expedita saepe eius id minus labore nulla ratione libero velit aut.	9	1890-07-12
91	Jamey Hoppe Sr.	example-90@example.org	2016-04-10 16:05:33.129779	2016-04-10 16:05:33.129779	$2a$10$A7jkbZuHFdoNa5nz.X7kTOa9AXuBqF65Bfssk0WNikTGue1NqsslG	\N	f	Sit reiciendis vel quam repellendus quia accusantium nostrum quis temporibus est explicabo sapiente nihil et voluptas et aut modi omnis ea et sit ab fugiat.	10	1966-11-27
92	Anna Schumm	example-91@example.org	2016-04-10 16:05:33.197355	2016-04-10 16:05:33.197355	$2a$10$Lo.IXvfEXVfxP/PvWA2PuupOczxAZL76RmRzZ0L08/nv/hXirdMG.	\N	f	Dolorem sapiente quae nam doloribus eligendi et reprehenderit vitae perspiciatis dolores eum natus eveniet non totam laudantium perferendis nisi quaerat.	1	1937-05-04
93	Miss Laney Jacobi	example-92@example.org	2016-04-10 16:05:33.263132	2016-04-10 16:05:33.263132	$2a$10$9UqIBmtUs2ZFGvbdguiG3Oh9IyAd5WixksW8M57zjgFXEj96kb67O	\N	f	Nulla autem dolor officia et et error molestias praesentium qui officiis ea quis ipsum quod quos ipsa voluptatem expedita perferendis tempore deserunt velit vel.	2	1878-05-01
94	Marilou Schulist	example-93@example.org	2016-04-10 16:05:33.329629	2016-04-10 16:05:33.329629	$2a$10$EvGgUibeCHuOBIjJ1yH/0.Ov0H8MMb7fjcYvqL8dj4Gn8bz8jd53.	\N	f	Consequatur rerum itaque et et velit in provident nesciunt facere numquam sit doloribus id earum et nulla voluptas aut aut aut nemo.	3	1875-11-29
95	Eleanora Tillman	example-94@example.org	2016-04-10 16:05:33.39626	2016-04-10 16:05:33.39626	$2a$10$hgo6CWV0d7iA/nw5yWm9sOsyz4dc60ix2xRnlw2p/QL9flnXkYj62	\N	f	A ut et perferendis asperiores et ut necessitatibus doloribus animi exercitationem qui rerum facere et ipsam ut eligendi non illo cum est recusandae porro officia.	4	1925-09-23
96	Joany Abernathy	example-95@example.org	2016-04-10 16:05:33.463259	2016-04-10 16:05:33.463259	$2a$10$t1Yoql74.eBBxCjFYxjul.8/iJed96BHcGR.aK6YYPCPGG.CshTvO	\N	f	Ab dolorum aperiam quod officiis nisi voluptate necessitatibus voluptatem dicta vel dolor ut odio tenetur esse facere ut porro eaque qui quam sed mollitia voluptatem.	5	1942-12-03
97	Mr. Kianna Orn	example-96@example.org	2016-04-10 16:05:33.529543	2016-04-10 16:05:33.529543	$2a$10$Ab1KdpeK/hsGJn7Bg6AZy.XFkfTrswbodxGGMskvuTdZUtSBz1p7u	\N	f	Nisi nihil aut voluptate fugit corporis ducimus saepe sed temporibus et veritatis in reiciendis excepturi magnam id qui et pariatur ea sunt repellat.	6	1939-06-05
98	Hayden Fadel	example-97@example.org	2016-04-10 16:05:33.5964	2016-04-10 16:05:33.5964	$2a$10$xg0CT23ssVX.cTFHnTEdPODQbT9N76.xqSJGYsk5ad3UxHYp3r9Iu	\N	f	Eum sit voluptatem et repudiandae officiis dolorem qui eaque eos qui dolorum pariatur autem voluptatem quidem rerum quia quia eveniet.	7	1911-02-22
99	Mr. Kyleigh Leannon	example-98@example.org	2016-04-10 16:05:33.663737	2016-04-10 16:05:33.663737	$2a$10$GC8PCwP97hRevPmcsxEJwOiVvUPIZEmR2zFBCEssPJT6A8TbmXrSW	\N	f	Sed voluptatem quos necessitatibus aliquid rem ut qui doloribus similique amet voluptatem quia et veritatis quia quo facilis eos est exercitationem.	8	1906-10-20
100	Devyn Marvin	example-99@example.org	2016-04-10 16:05:33.729763	2016-04-10 16:05:33.729763	$2a$10$yxdRlx/pl0SsEtJJtyLbi.VBNjc3ZgHS.L2PwMdZuekMN07LzkhCa	\N	f	Consectetur delectus hic cumque ut ut est modi sint nisi magnam labore voluptas qui dolor non unde et iusto amet perferendis et recusandae.	9	1914-05-17
\.


--
-- Name: users_id_seq; Type: SEQUENCE SET; Schema: public; Owner: postgres
--

SELECT pg_catalog.setval('users_id_seq', 100, true);


--
-- Name: area_border_lines_pkey; Type: CONSTRAINT; Schema: public; Owner: postgres; Tablespace: 
--

ALTER TABLE ONLY area_border_lines
    ADD CONSTRAINT area_border_lines_pkey PRIMARY KEY (id);


--
-- Name: areas_pkey; Type: CONSTRAINT; Schema: public; Owner: postgres; Tablespace: 
--

ALTER TABLE ONLY areas
    ADD CONSTRAINT areas_pkey PRIMARY KEY (id);


--
-- Name: cities_pkey; Type: CONSTRAINT; Schema: public; Owner: postgres; Tablespace: 
--

ALTER TABLE ONLY cities
    ADD CONSTRAINT cities_pkey PRIMARY KEY (id);


--
-- Name: comments_pkey; Type: CONSTRAINT; Schema: public; Owner: postgres; Tablespace: 
--

ALTER TABLE ONLY comments
    ADD CONSTRAINT comments_pkey PRIMARY KEY (id);


--
-- Name: users_pkey; Type: CONSTRAINT; Schema: public; Owner: postgres; Tablespace: 
--

ALTER TABLE ONLY users
    ADD CONSTRAINT users_pkey PRIMARY KEY (id);


--
-- Name: index_area_border_lines_on_area_id; Type: INDEX; Schema: public; Owner: postgres; Tablespace: 
--

CREATE INDEX index_area_border_lines_on_area_id ON area_border_lines USING btree (area_id);


--
-- Name: index_areas_on_city_id; Type: INDEX; Schema: public; Owner: postgres; Tablespace: 
--

CREATE INDEX index_areas_on_city_id ON areas USING btree (city_id);


--
-- Name: index_areas_on_user_id; Type: INDEX; Schema: public; Owner: postgres; Tablespace: 
--

CREATE INDEX index_areas_on_user_id ON areas USING btree (user_id);


--
-- Name: index_comments_on_area_id; Type: INDEX; Schema: public; Owner: postgres; Tablespace: 
--

CREATE INDEX index_comments_on_area_id ON comments USING btree (area_id);


--
-- Name: index_comments_on_user_id; Type: INDEX; Schema: public; Owner: postgres; Tablespace: 
--

CREATE INDEX index_comments_on_user_id ON comments USING btree (user_id);


--
-- Name: index_comments_on_user_id_and_created_at; Type: INDEX; Schema: public; Owner: postgres; Tablespace: 
--

CREATE INDEX index_comments_on_user_id_and_created_at ON comments USING btree (user_id, created_at);


--
-- Name: index_users_on_city_id; Type: INDEX; Schema: public; Owner: postgres; Tablespace: 
--

CREATE INDEX index_users_on_city_id ON users USING btree (city_id);


--
-- Name: index_users_on_email; Type: INDEX; Schema: public; Owner: postgres; Tablespace: 
--

CREATE UNIQUE INDEX index_users_on_email ON users USING btree (email);


--
-- Name: unique_schema_migrations; Type: INDEX; Schema: public; Owner: postgres; Tablespace: 
--

CREATE UNIQUE INDEX unique_schema_migrations ON schema_migrations USING btree (version);


--
-- Name: fk_rails_03de2dc08c; Type: FK CONSTRAINT; Schema: public; Owner: postgres
--

ALTER TABLE ONLY comments
    ADD CONSTRAINT fk_rails_03de2dc08c FOREIGN KEY (user_id) REFERENCES users(id);


--
-- Name: fk_rails_0bb70140b1; Type: FK CONSTRAINT; Schema: public; Owner: postgres
--

ALTER TABLE ONLY areas
    ADD CONSTRAINT fk_rails_0bb70140b1 FOREIGN KEY (city_id) REFERENCES cities(id);


--
-- Name: fk_rails_1fea52db2d; Type: FK CONSTRAINT; Schema: public; Owner: postgres
--

ALTER TABLE ONLY area_border_lines
    ADD CONSTRAINT fk_rails_1fea52db2d FOREIGN KEY (area_id) REFERENCES areas(id);


--
-- Name: fk_rails_64ba63583c; Type: FK CONSTRAINT; Schema: public; Owner: postgres
--

ALTER TABLE ONLY areas
    ADD CONSTRAINT fk_rails_64ba63583c FOREIGN KEY (user_id) REFERENCES users(id);


--
-- Name: fk_rails_9c7442481a; Type: FK CONSTRAINT; Schema: public; Owner: postgres
--

ALTER TABLE ONLY users
    ADD CONSTRAINT fk_rails_9c7442481a FOREIGN KEY (city_id) REFERENCES cities(id);


--
-- Name: fk_rails_b4c23ddc07; Type: FK CONSTRAINT; Schema: public; Owner: postgres
--

ALTER TABLE ONLY comments
    ADD CONSTRAINT fk_rails_b4c23ddc07 FOREIGN KEY (area_id) REFERENCES areas(id);


--
-- Name: public; Type: ACL; Schema: -; Owner: postgres
--

REVOKE ALL ON SCHEMA public FROM PUBLIC;
REVOKE ALL ON SCHEMA public FROM postgres;
GRANT ALL ON SCHEMA public TO postgres;
GRANT ALL ON SCHEMA public TO PUBLIC;


--
-- PostgreSQL database dump complete
--

